school,name,title,url,time
北方民族大学,计算机系统结构、计算机软..,北方民族大学计算机科学与工程学院2020考研调剂信息,/tiaoji/schooldetail/id/22647.shtml,2020-03-09
北方民族大学,电子科学与技术、电子信息,2020年北方民族大学“电子科学与技术”和“电子信息”..,/tiaoji/schooldetail/id/22537.shtml,2020-03-03
涉外办学,课程与教学论、教育管理、..,泰国巴吞他尼大学2020年接受跨专业调剂（部分专业带薪..,/tiaoji/schooldetail/id/22457.shtml,2020-03-10
宁波大学,生物,宁波大学海洋学院崔朝霞教授团队2020年考研调剂信息,/tiaoji/schooldetail/id/23861.shtml,2020-04-16
青岛大学,材料科学与工程、物理学,青岛大学物理学院信息存储处理与新能源器件2020年考研..,/tiaoji/schooldetail/id/23859.shtml,2020-04-16
上海应用技术大学,应用化学,上海应用技术大学李向清教授课题组应用化学专业2020年..,/tiaoji/schooldetail/id/23857.shtml,2020-04-16
桂林理工大学,工商管理、产业经济学,桂林理工大学商学院2020年硕士研究生调剂信息,/tiaoji/schooldetail/id/23855.shtml,2020-04-16
兰州大学,详细查看正文,202年兰州大学考研调剂志愿采集系统 网址已开通,/tiaoji/schooldetail/id/23853.shtml,2020-04-16
中国地震局地壳应力研究所,地质,中国地震局地壳应力研究所地质等方向2020年研究生调剂..,/tiaoji/schooldetail/id/23851.shtml,2020-04-16
首都师范大学,细胞生物学,首都师范大学李夏璐实验室2020年招收硕士调剂生,/tiaoji/schooldetail/id/23849.shtml,2020-04-16
卫生部北京老年医学研究所,生物学、药学、基础医学,2020年卫生部老年医学研究所老年医学调剂信息,/tiaoji/schooldetail/id/23847.shtml,2020-04-16
黑龙江省科学院,化学,2020年黑龙江省科学院化学专业考研调剂信息,/tiaoji/schooldetail/id/23845.shtml,2020-04-16
济南大学,化学、材料与化工、化学工..,济南大学前沿交叉科学研究院 2020年硕士研究生预调剂..,/tiaoji/schooldetail/id/23843.shtml,2020-04-16
河北大学,动物学,2020年河北大学动物学专业考研调剂信息,/tiaoji/schooldetail/id/23841.shtml,2020-04-16
江西理工大学,材料科学与工程、无机非金..,江西理工大学新能源动力电池研究所2020年考研调剂信息,/tiaoji/schooldetail/id/23839.shtml,2020-04-16
重庆科技学院,化学,重庆科技学院电子智能材料研究所2020年考研调剂信息,/tiaoji/schooldetail/id/23837.shtml,2020-04-16
盐城工学院,化学工程与技术,盐城工学院化学工程与技术专业2020年考研调剂信息,/tiaoji/schooldetail/id/23835.shtml,2020-04-16
长春大学,材料物理与化学,长春大学材料物理与化学专业2020年考研调剂信息,/tiaoji/schooldetail/id/23833.shtml,2020-04-16
河北大学,动物学、微生物学、生物化..,河北大学生命科学学院2020年考研调剂信息,/tiaoji/schooldetail/id/23831.shtml,2020-04-16
山东财经大学,详见专业目录,山东财经大学2020年硕士研究生复试调剂公告,/tiaoji/schooldetail/id/23829.shtml,2020-04-16
中科院大连化学物理研究所,材料与化工、精细合成化学..,大连化物所与高校联合培养2020年硕士研究生调剂信息,/tiaoji/schooldetail/id/23827.shtml,2020-04-16
佛山科学技术学院,机械工程、光学工程、材料..,佛山科学技术学院2020年硕士研究生调剂公告,/tiaoji/schooldetail/id/23825.shtml,2020-04-16
辽宁工程技术大学,矿物加工工程,辽宁工程技术大学矿物加工工程专业2020年考研调剂信息,/tiaoji/schooldetail/id/23823.shtml,2020-04-16
山东工商学院,应用经济学、金融、财政学,山东工商学院金融学院2020年金融专硕、应用经济学学硕..,/tiaoji/schooldetail/id/23819.shtml,2020-04-16
上海财经大学,EMBA,上海财经大学商学院MBA中心2020年高级工商管理硕士项..,/tiaoji/schooldetail/id/23817.shtml,2020-04-16
宝鸡文理学院,哲学、教育硕士,宝鸡文理学院政法学院2020年硕士研究生预调剂信息,/tiaoji/schooldetail/id/23815.shtml,2020-04-16
安徽师范大学,化学、材料科学工程、化学..,2020年安徽师范大学化学与材料科学学院化学调剂信息,/tiaoji/schooldetail/id/23813.shtml,2020-04-16
辽宁工程技术大学,岩土力学与工程、固体材料..,2020年辽宁工程技术大学岩土力学与工程、固体材料变形..,/tiaoji/schooldetail/id/23809.shtml,2020-04-16
厦门大学,航空宇航制造工程、材料学,厦门大学航空宇航制造工程、材料学2020年调剂信息,/tiaoji/schooldetail/id/23807.shtml,2020-04-16
福建师范大学,生物化学与分子生物学,福建师范大学生物化学与分子生物学2020年研究生调剂信..,/tiaoji/schooldetail/id/23805.shtml,2020-04-16
西南科技大学,高分子化学与物理,西南科技大学高分子化学与物理2020年调剂信息,/tiaoji/schooldetail/id/23803.shtml,2020-04-16
中科院大连化学物理研究所,材料与化工、环境科学与工..,2020年中国科学院大连化学物理研究所材料与化工调剂信..,/tiaoji/schooldetail/id/23801.shtml,2020-04-16
中国计量科学研究院,生物医学工程、化学工程与..,中国计量科学研究院生物医学工程、化学工程与技术2020..,/tiaoji/schooldetail/id/23799.shtml,2020-04-16
华南农业大学,应用化学,华南农业大学应用化学2020年研究生调剂信息,/tiaoji/schooldetail/id/23797.shtml,2020-04-16
辽宁科技大学,材料学,辽宁科技大学材料学专业2020年考研调剂信息,/tiaoji/schooldetail/id/23795.shtml,2020-04-16
首都师范大学,化学,首都师范大学化学系马占芳教授课题组2020年考研调剂信..,/tiaoji/schooldetail/id/23793.shtml,2020-04-16
武汉轻工大学,应用化学,武汉轻工大学应用化学专业2020年考研调剂信息,/tiaoji/schooldetail/id/23791.shtml,2020-04-16
浙江农林大学,光学工程,浙江农林大学光学工程专业2020年考研调剂信息,/tiaoji/schooldetail/id/23789.shtml,2020-04-16
哈尔滨工程大学,动力工程及工程热物理,哈尔滨工程大学动力与能源工程学院动力装置工程技术研..,/tiaoji/schooldetail/id/23787.shtml,2020-04-16
西京学院,结构工程,西京学院结构工程专业2020年考研调剂信息,/tiaoji/schooldetail/id/23785.shtml,2020-04-16
安徽理工大学,工业催化、应用化学、生物..,安徽理工大学何杰教授课题组2020年考研调剂信息,/tiaoji/schooldetail/id/23783.shtml,2020-04-16
浙江理工大学,物理学、材料科学与工程,浙江理工大学物理学、材料科学与工程专业2020年考研调..,/tiaoji/schooldetail/id/23781.shtml,2020-04-16
江西师范大学,材料科学与工程,江西师范大学材料科学与工程专业2020年考研调剂信息,/tiaoji/schooldetail/id/23779.shtml,2020-04-16
北京石油化工学院,工学、材料科学与工程,北京石油化工学院材料科学与工程学院2020年考研调剂信..,/tiaoji/schooldetail/id/23777.shtml,2020-04-16
渤海大学,会计学、工商管理、金融,2020年渤海大学会计学、工商管理专业考研调剂信息,/tiaoji/schooldetail/id/23775.shtml,2020-04-16
中国航天科技集团公司九院704所,信息与通信工程、仪器科学..,航天704所2020年硕士研究生招生调剂信息,/tiaoji/schooldetail/id/23773.shtml,2020-04-16
北京化工研究院,化学工程与技术、材料科学..,2020年北京化工研究院硕士研究生招生调剂办法,/tiaoji/schooldetail/id/23771.shtml,2020-04-15
武汉体育学院,工商管理、新闻传播学、新..,2020年武汉体育学院硕士研究生招生调剂办法,/tiaoji/schooldetail/id/23769.shtml,2020-04-15
武汉数字工程研究所,计算机、通信工程、电子信..,2020年武汉数字工程研究所（709所）硕士研究生调剂信..,/tiaoji/schooldetail/id/23767.shtml,2020-04-15
江西理工大学,详细查看正文,2020年江西理工大学硕士研究生招生调剂公告,/tiaoji/schooldetail/id/23765.shtml,2020-04-15
华南师范大学,光学,2020年华南师范大学杨湘波老师组招收调剂信息,/tiaoji/schooldetail/id/23763.shtml,2020-04-15
中国航天科技集团公司九院772所,电子科学与技术,航天772所2020年考研调剂信息（电子科学与技术）,/tiaoji/schooldetail/id/23761.shtml,2020-04-15
北京物资学院,理论经济学、应用经济学、..,2020年北京物资学院硕士研究生招生复试调剂公告（一）,/tiaoji/schooldetail/id/23759.shtml,2020-04-15
浙江农林大学,兽医学、动物性、畜牧领域,浙江农林大学动物医学院2020硕士研究生调剂公告,/tiaoji/schooldetail/id/23757.shtml,2020-04-15
安徽工程大学,马克思主义基本原理、化学..,安徽工程大学2020年接收硕士研究生预调剂公告,/tiaoji/schooldetail/id/23755.shtml,2020-04-15
河北工程大学,材料科学与工程->材料..,河北工程大学调剂-金属材料、新型纳米材料方向2020年..,/tiaoji/schooldetail/id/23753.shtml,2020-04-15
福建师范大学,计算机应用技术,福建师范大学数学与信息学院多媒体信息安全与大数据研..,/tiaoji/schooldetail/id/23751.shtml,2020-04-15
中北大学,材料加工工程,2020年中北大学材料加工工程考研调剂信息,/tiaoji/schooldetail/id/23749.shtml,2020-04-15
中科院地质与地球物理研究所,海洋地质、空间物理学、地..,2020年中科院地质与地球物理研究所招收硕士生调剂公告,/tiaoji/schooldetail/id/23747.shtml,2020-04-15
中科院云南天文台,天体物理、天体测量与天体..,2020年中国科学院云南天文台硕士研究生调剂公告,/tiaoji/schooldetail/id/23745.shtml,2020-04-15
内蒙古农业大学,机械制造及其自动化;机械..,内蒙古农业大学机电工程学院2020研究生调剂通知,/tiaoji/schooldetail/id/23743.shtml,2020-04-15
北京石油化工学院,材料物理与化学,2020年北京石油化工学院材料物理与化学考研调剂信息,/tiaoji/schooldetail/id/23741.shtml,2020-04-15
宁波大学,交通信息工程及控制、口、..,2020年宁波大学（双一流）海运院硕士研究生招生,/tiaoji/schooldetail/id/23739.shtml,2020-04-15
上海应用技术大学,化学工程、电化学工程、精..,上海应用技术大学2020年硕士研究生招生考试调剂信息 ,/tiaoji/schooldetail/id/23737.shtml,2020-04-15
阜阳师范大学,发育生物学,阜阳师范大学发育生物学专业2020年考研调剂信息,/tiaoji/schooldetail/id/23735.shtml,2020-04-15
渤海大学,材料科学与工程,渤海大学新能源学院材料科学与工程2020年研究生调剂信..,/tiaoji/schooldetail/id/23733.shtml,2020-04-15
中国人民大学,工商管理、公共管理、旅游..,中国人民大学商学院工商管理硕士（EMBA）研究生接收调..,/tiaoji/schooldetail/id/23731.shtml,2020-04-15
渤海大学,控制理论与控制工程,2020年渤海大学控制理论与控制工程非专硕考研调剂信息..,/tiaoji/schooldetail/id/23729.shtml,2020-04-15
华南农业大学,电子与通信工程,2020年华南农业大学工学电子与通信工程接收调剂硕士研..,/tiaoji/schooldetail/id/23727.shtml,2020-04-15
大连海洋大学,海洋科学,2020年大连海洋大学海洋科技与环境学院海洋科学接收调..,/tiaoji/schooldetail/id/23725.shtml,2020-04-15
北京工商大学,材料物理与化学,2020年北京工商大学材料表面与界面/聚合物功能薄膜团..,/tiaoji/schooldetail/id/23723.shtml,2020-04-15
湖南工业大学,生物医学工程,湖南工业大学生物医学工程专业2020年考研调剂信息,/tiaoji/schooldetail/id/23721.shtml,2020-04-15
河南理工大学,材料科学与工程,2020年河南理工大学物理与电子信息学院材料科学与工程..,/tiaoji/schooldetail/id/23719.shtml,2020-04-15
河北经贸大学,生物工程,河北经贸大学生物工程专业2020年考研调剂信息,/tiaoji/schooldetail/id/23717.shtml,2020-04-15
宁波大学,渔业资源,宁波大学海洋学院水产应激与免疫团队2020年考研调剂信..,/tiaoji/schooldetail/id/23715.shtml,2020-04-15
辽宁工程技术大学,工学,辽宁工程技术大学工学多个专业2020年接受调剂生,/tiaoji/schooldetail/id/23713.shtml,2020-04-15
大连海洋大学,海洋科学、生物学、控制科..,2020年大连海洋大学硕士研究生预调剂信息公告,/tiaoji/schooldetail/id/23711.shtml,2020-04-15
长江大学,应用化学、化学化工、物理..,2020年长江大学双一流重点学科招收化学、石油工程调剂..,/tiaoji/schooldetail/id/23709.shtml,2020-04-15
西京学院,机械、电子信息、土木水利..,2020年西京学院机械、电子信息、土木水利、艺术设计、..,/tiaoji/schooldetail/id/23707.shtml,2020-04-15
福建农林大学,环境科学,福建农林大学环境功能材料课题组2020年考研调剂信息,/tiaoji/schooldetail/id/23705.shtml,2020-04-15
牡丹江师范学院,很多专业,牡丹江师范学院2020年硕士研究生调剂信息,/tiaoji/schooldetail/id/23703.shtml,2020-04-15
牡丹江师范学院,很多专业,牡丹江师范学院2020年拟接收调剂考生专业信息,/tiaoji/schooldetail/id/23701.shtml,2020-04-15
广西医科大学,详细查看正文,广西医科大学基础医学院研究生2020年研究生调剂信息,/tiaoji/schooldetail/id/23699.shtml,2020-04-15
大连大学,软件工程、计算机、控制、..,2020年大连大学教育部先进设计与智能计算重点实验室接..,/tiaoji/schooldetail/id/23697.shtml,2020-04-15
湖北工业大学,光学工程-集成电路工程,2020年湖北工业大学光学工程-集成电路工程研究生调剂..,/tiaoji/schooldetail/id/23695.shtml,2020-04-15
福建农林大学,植物病理学,2020年福建农林大学油料研究所植物病理学研究生调剂信..,/tiaoji/schooldetail/id/23693.shtml,2020-04-15
武汉科技大学,生物学,武汉科技大学生命科学与健康学院2020年考研调剂信息,/tiaoji/schooldetail/id/23691.shtml,2020-04-15
南昌航空大学,英语语言文学、外国语言学..,2020年南昌航空大学外国语学院考研调剂信息,/tiaoji/schooldetail/id/23689.shtml,2020-04-15
南昌航空大学,信息与通信工程、控制科学..,2020年南昌航空大学信息工程学院考研调剂信息,/tiaoji/schooldetail/id/23687.shtml,2020-04-15
南昌航空大学,机械工程、航空宇航制造工..,2020年南昌航空大学航空制造工程学院考研调剂信息,/tiaoji/schooldetail/id/23685.shtml,2020-04-15
南昌航空大学,环境科学与工程、化学、材..,2020年南昌航空大学环境与化学工程学院考研调剂信息,/tiaoji/schooldetail/id/23683.shtml,2020-04-15
南昌航空大学,材料物理与化学、材料学、..,2020年南昌航空大学材料科学与工程学院考研调剂信息,/tiaoji/schooldetail/id/23681.shtml,2020-04-15
河北师范大学,生理学、细胞生物学、遗传..,河北师范大学生命科学学院招收2020年硕士研究生调剂的..,/tiaoji/schooldetail/id/23679.shtml,2020-04-15
西安科技大学,材料类,西安科技大学材料科学与工程学院2020年硕士研究生调剂..,/tiaoji/schooldetail/id/23677.shtml,2020-04-15
华东交通大学,光学工程、材料物理化学、..,华东交通大学光学工程、材料物理化学方向2020年考研调..,/tiaoji/schooldetail/id/23675.shtml,2020-04-15
右江民族医学院,基础医学、临床医学、护理..,右江民族医学院2020年硕士研究生招生复试缺额专业预发..,/tiaoji/schooldetail/id/23673.shtml,2020-04-15
南昌航空大学,材料物理与化学、材料学、..,南昌航空大学2020年硕士研究生招生调剂信息公告,/tiaoji/schooldetail/id/23671.shtml,2020-04-15
国家海洋局第二海洋研究所,物理海洋学、海洋化学、海..,2020年自然资源部第二海洋研究所硕士研究生招生接受调..,/tiaoji/schooldetail/id/23669.shtml,2020-04-15
中科院近代物理研究所,详细查看正文,2020年中国科学院近代物理研究所接收硕士研究生调剂报..,/tiaoji/schooldetail/id/23667.shtml,2020-04-14
中共浙江省委党校,哲学、理论经济学、政治学..,2020年中共浙江省委党校硕士研究生招生调剂信息,/tiaoji/schooldetail/id/23665.shtml,2020-04-14
中国航空研究院626所,流体力学及飞行器设计,2020年中国航空研究院626所气动院接收优秀生源调剂信..,/tiaoji/schooldetail/id/23663.shtml,2020-04-14
中科院成都有机化学研究所,应用化学、材料与化工、高..,2020年中国科学院成都有机化学研究所硕士招生预调剂公..,/tiaoji/schooldetail/id/23661.shtml,2020-04-14
中国地震局地震研究所,固体地球物理学、防灾减灾..,中国地震局地震研究所2020年硕士研究生招生调剂公告,/tiaoji/schooldetail/id/23659.shtml,2020-04-14
北京有色金属研究总院,材料科学与工程、冶金工程,北京有色金属研究总院材料科学与工程、冶金工程2020年..,/tiaoji/schooldetail/id/23657.shtml,2020-04-14
南昌航空大学,材料物理化学、材料学、材..,2020年南昌航空大学能源催化与耐高温材料科研团队招收..,/tiaoji/schooldetail/id/23655.shtml,2020-04-14
浙江海洋大学,农业工程与信息技术,2020年浙江海洋大学农业工程与信息技术研究生调剂信息,/tiaoji/schooldetail/id/23653.shtml,2020-04-14
温州医科大学,病理学与病理生理学、医学..,2020年温州医科大学病理学与病理生理学、医学生理学研..,/tiaoji/schooldetail/id/23651.shtml,2020-04-14
宁波大学,船舶与海洋工程、交通运输..,宁波大学交通运输工程、船舶与海洋工程2020年考研调剂..,/tiaoji/schooldetail/id/23649.shtml,2020-04-14
宁波大学,临床医学、公共卫生与预防..,宁波大学临床医学、公共卫生与预防医学2020年硕士扩招..,/tiaoji/schooldetail/id/23647.shtml,2020-04-14
常州大学,高分子化学与物理、材料物..,2020年常州大学材料科学与工程学院考研调剂信息,/tiaoji/schooldetail/id/23645.shtml,2020-04-14
华南农业大学,电子与通信工程,2020年华南农业大学电子与通信工程研究生调剂信息（专..,/tiaoji/schooldetail/id/23643.shtml,2020-04-14
天津职业技术师范大学,机械工程,天津职业技术师范大学机械工程2020年研究生调剂信息,/tiaoji/schooldetail/id/23641.shtml,2020-04-14
南宁师范大学,汉语言文化国际教育、汉语..,南宁师范大学国际教育学院2020年考研调剂复试工作咨询..,/tiaoji/schooldetail/id/23639.shtml,2020-04-14
云南师范大学,学科教学（英语）,2020年云南师范大学学科教学（英语）考研调剂信息（专..,/tiaoji/schooldetail/id/23637.shtml,2020-04-14
中国计量大学,材料科学、力学、材料物理..,2020年中国计量科学研究院与中国计量大学联合招收材料..,/tiaoji/schooldetail/id/23635.shtml,2020-04-14
武汉轻工大学,化学工程、化学工艺、生物..,武汉轻工大学化学与环境工程学院2020年接收化学工程、..,/tiaoji/schooldetail/id/23633.shtml,2020-04-14
武汉轻工大学,材料与化工、资源利用与植..,武汉轻工大学化学与环境工程学院2020年接收材料与化工..,/tiaoji/schooldetail/id/23631.shtml,2020-04-14
浙江海洋大学,农业工程与信息技术农业（..,2020年浙江海洋大学海洋设施养殖工程技术课题组考研调..,/tiaoji/schooldetail/id/23629.shtml,2020-04-14
北京工商大学,材料物理与化学,北京工商大学聚合物功能薄膜团队材料物理与化学2020年..,/tiaoji/schooldetail/id/23627.shtml,2020-04-14
安徽医科大学,法学、教育学、应用心理、..,2020年安徽医科大学法学、教育学、应用心理、理学、工..,/tiaoji/schooldetail/id/23625.shtml,2020-04-14
天津理工大学,材料科学与工程,天津理工大学光电功能高分子材料课题组2020年考研调剂..,/tiaoji/schooldetail/id/23623.shtml,2020-04-14
天津理工大学,材料学,天津理工大学材料学专业2020年考研调剂信息,/tiaoji/schooldetail/id/23621.shtml,2020-04-14
武汉纺织大学,计算机应用技术,武汉纺织大学计算机应用技术专业2020年考研调剂信息,/tiaoji/schooldetail/id/23619.shtml,2020-04-14
中国药科大学,药学、生物医学工程,2020年中国药科大学药学、生物医学工程研究生调剂信息,/tiaoji/schooldetail/id/23617.shtml,2020-04-13
河北大学,中医临床基础,2020年河北大学中医临床基础、中药学研究生调剂信息,/tiaoji/schooldetail/id/23615.shtml,2020-04-13
深圳大学,材料物理与化学,2020年深圳大学材料物理与化学研究生调剂信息,/tiaoji/schooldetail/id/23613.shtml,2020-04-13
广州大学,环境科学，环境工程，微生..,广州大学环境微生物与水污染控制研究所2020年考研调剂..,/tiaoji/schooldetail/id/23611.shtml,2020-04-13
江苏海洋大学,材料学、材料科学与工程,江苏海洋大学材料学专业2020年考研调剂信息,/tiaoji/schooldetail/id/23609.shtml,2020-04-13
温州大学,机械电子工程,温州大学机电液系统状态监测与故障诊断课题组2020年考..,/tiaoji/schooldetail/id/23607.shtml,2020-04-13
五邑大学,化学工程、材料物理与化学,五邑大学先进功能材料团队化学工程、材料物理与化学20..,/tiaoji/schooldetail/id/23605.shtml,2020-04-13
长春工业大学,化学,长春工业大学化学专业2020年考研调剂信息,/tiaoji/schooldetail/id/23603.shtml,2020-04-13
华北理工大学,化工、化学、公共卫生化学,华北理工大学能源与环境光催化实验室2020年硕士研究生..,/tiaoji/schooldetail/id/23601.shtml,2020-04-13
宝鸡文理学院,教育学原理、课程与教学论..,宝鸡文理学院教育学院2020年教育学原理、课程与教学论..,/tiaoji/schooldetail/id/23599.shtml,2020-04-13
宝鸡文理学院,教育学原理、课程与教学论..,宝鸡文理学院教育学院2020年硕士研究生调剂公告,/tiaoji/schooldetail/id/23597.shtml,2020-04-13
宝鸡文理学院,机械工程,宝鸡文理学院机械工程学院2020年硕士研究生预调剂信息,/tiaoji/schooldetail/id/23595.shtml,2020-04-13
东北林业大学,林业工程,东北林业大学生物质复合材料学2020年招收调剂硕士研究..,/tiaoji/schooldetail/id/23593.shtml,2020-04-13
南京林业大学,化学工程与技术、林产化学..,南京林业大学化学工程与技术、林产化学加工工程、环境..,/tiaoji/schooldetail/id/23591.shtml,2020-04-13
上海师范大学,有机化学,上海师范大学东方学者邓清海特聘教授课题组2020年考研..,/tiaoji/schooldetail/id/23589.shtml,2020-04-13
江西科技师范大学,药物化学,江西科技师范大学药学院药学专硕2020年考研调剂信息,/tiaoji/schooldetail/id/23587.shtml,2020-04-13
重庆科技学院,土木工程、道路桥梁与渡河..,重庆科技学院道桥团队2020年考研调剂信息,/tiaoji/schooldetail/id/23585.shtml,2020-04-13
武汉轻工大学,化学工程与技术,武汉轻工大学化环学院化学工程与技术2020年研究生调剂..,/tiaoji/schooldetail/id/23583.shtml,2020-04-13
南京邮电大学,详细查看正文,2020年南京邮电大学“退役大学生士兵”专项招生计划25..,/tiaoji/schooldetail/id/23581.shtml,2020-04-13
浙江理工大学,材料科学与工程,浙江理工大学傅雅琴导师课题组材料科学与工程2020年考..,/tiaoji/schooldetail/id/23579.shtml,2020-04-13
重庆科技学院,建筑与土木工程、管理科学..,重庆科技学院智慧建造与可持续建设研究团队2020年考研..,/tiaoji/schooldetail/id/23577.shtml,2020-04-13
南宁师范大学,文学、法学、数学、化学、..,2020年南宁师范大学关于调整全国硕士研究生招生专业调..,/tiaoji/schooldetail/id/23575.shtml,2020-04-13
沈阳体育学院,体育人文社会学、体育管理..,沈阳体育学院2020年硕士研究生招生考试拟接收调剂公告,/tiaoji/schooldetail/id/23573.shtml,2020-04-13
温州大学,机械工程,2020年温州大学机械工程硕士研究生调剂信息,/tiaoji/schooldetail/id/23569.shtml,2020-04-11
天津科技大学,材料科学与工程,天津科技大学材料科学与工程专业2020年考研调剂信息,/tiaoji/schooldetail/id/23567.shtml,2020-04-11
大连交通大学,化学工程,大连交通大学化学工程2020年考研调剂信息,/tiaoji/schooldetail/id/23565.shtml,2020-04-11
五邑大学,纺织科学与工程,五邑大学纺织科学与工程2020年研究生调剂信息,/tiaoji/schooldetail/id/23563.shtml,2020-04-11
江苏大学,化学工程,江苏大学能源研究院燃料电池组2020年考研调剂信息,/tiaoji/schooldetail/id/23561.shtml,2020-04-10
东北石油大学,马克思主义理论,东北石油大学马克思主义学院2020年硕士研究生调剂信息,/tiaoji/schooldetail/id/23559.shtml,2020-04-10
东北石油大学,油气井工程、油气田开发工..,东北石油大学石油工程学院2020年硕士研究生调剂信息,/tiaoji/schooldetail/id/23557.shtml,2020-04-10
东北石油大学,详细查看正文,东北石油大学2020年硕士招生考试预调剂信息公告,/tiaoji/schooldetail/id/23555.shtml,2020-04-10
安徽大学,物理学、材料科学与工程、..,安徽大学物理与材料科学学院2020年硕士研究生招生调剂..,/tiaoji/schooldetail/id/23553.shtml,2020-04-10
河南工业大学,材料科学与工程、材料与化..,河南工业大学材料科学与工程学院2020年接收考研调剂信..,/tiaoji/schooldetail/id/23551.shtml,2020-04-10
长沙理工大学,公共管理专业学位（MPA）..,2020年长沙理工大学马克思主义学院硕士研究生招生预调..,/tiaoji/schooldetail/id/23549.shtml,2020-04-10
哈尔滨商业大学,机械工程、机械,哈尔滨商业大学机械工程、机械2020年硕士研究生调剂信..,/tiaoji/schooldetail/id/23547.shtml,2020-04-10
重庆大学,工学,重庆大学-悉尼科技大学人工智能中心以课题组2020年考..,/tiaoji/schooldetail/id/23545.shtml,2020-04-10
南昌大学,工程热物理,南昌大学能源与动力工程系2020年考研调剂信息,/tiaoji/schooldetail/id/23543.shtml,2020-04-10
温州医科大学,临床医学,温州医科大学临床医学相关专业2020年考研调剂信息,/tiaoji/schooldetail/id/23541.shtml,2020-04-10
长江大学,畜牧、兽医、水产、动物学,长江大学动物遗传育种与繁殖2020年考研调剂信息,/tiaoji/schooldetail/id/23539.shtml,2020-04-10
吉林外国语大学,教育学、学科教学英语、翻..,吉林外国语大学2020年硕士研究生招生咨询QQ群公布,/tiaoji/schooldetail/id/23537.shtml,2020-04-10
吉林化工学院,详细查看正文,吉林化工学院2020年硕士研究生预调剂信息,/tiaoji/schooldetail/id/23535.shtml,2020-04-10
武汉第二船舶设计研究所,船舶与海洋工程、机械设计..,2020年武汉第二船舶设计研究所硕士研究生调剂信息,/tiaoji/schooldetail/id/23533.shtml,2020-04-10
广东财经大学,旅游管理硕士（MTA）,广东财经大学旅游管理硕士（MTA）2020考研预调剂信息,/tiaoji/schooldetail/id/23531.shtml,2020-04-10
中原工学院,材料科学与工程,中原工学院材料科学与工程专业2020年考研调剂信息,/tiaoji/schooldetail/id/23529.shtml,2020-04-10
湖北汽车工业学院,材料、化学、光学工程,2020年湖北汽车工业学院光学工程考研调剂信息,/tiaoji/schooldetail/id/23527.shtml,2020-04-10
苏州科技大学,应用化学、材料化学及其应..,苏州科技大学应用化学、材料化学及其应用2020年考研调..,/tiaoji/schooldetail/id/23525.shtml,2020-04-10
苏州科技大学,资源与环境、环境材料与技..,2020年苏州科技大学资源与环境、环境材料与技术调剂信..,/tiaoji/schooldetail/id/23523.shtml,2020-04-10
辽宁科技大学,冶金、材料、化学、环境,2020年辽宁科技大学电化学冶金与新能源材料团队考研调..,/tiaoji/schooldetail/id/23521.shtml,2020-04-10
重庆科技学院,土木工程、建筑环境与能源..,重庆科技学院建筑工程学院晏致涛教授团队2020年考研调..,/tiaoji/schooldetail/id/23519.shtml,2020-04-10
沈阳化工大学,材料、化学,2020年沈阳化工大学材料与化工研究生调剂信息（专硕）,/tiaoji/schooldetail/id/23517.shtml,2020-04-10
安徽医科大学,法学、教育学、应用心理、..,2020年安徽医科大学考研调剂信息（含专业）,/tiaoji/schooldetail/id/23515.shtml,2020-04-10
首都师范大学,无机化学,2020年首都师范大学无机化学专业硕士研究生调剂信息,/tiaoji/schooldetail/id/23513.shtml,2020-04-10
五邑大学,药物分析学、药物化学,五邑大学药物分析学、药物化学专业2020年考研调剂信息,/tiaoji/schooldetail/id/23511.shtml,2020-04-10
河北农业大学,分析化学,河北农业大学分析化学专业2020年考研调剂信息,/tiaoji/schooldetail/id/23509.shtml,2020-04-10
桂林理工大学,工商管理、产业经济学,桂林理工大学商学院学术型2020年考研调剂信息,/tiaoji/schooldetail/id/23507.shtml,2020-04-10
苏州科技大学,基础数学、应用数学、概率..,苏州科技大学数理学院2020年考研拟调剂信息,/tiaoji/schooldetail/id/23505.shtml,2020-04-10
常州大学,化学工程与技术、化学,常州大学石油化工学院2020年硕士研究生调剂信息,/tiaoji/schooldetail/id/23503.shtml,2020-04-10
北京工商大学,详细查看正文,2020年北京工商大学硕士研究生招生调剂咨询九问九答,/tiaoji/schooldetail/id/23501.shtml,2020-04-10
河南大学,植物学、遗传学、发育生物..,河南大学棉花生物学国家重点实验室学术型2020年考研调..,/tiaoji/schooldetail/id/23499.shtml,2020-04-10
杭州师范大学,生态信息科学、生态规划科..,杭州师范大学遥感地学系2020年考研调剂信息,/tiaoji/schooldetail/id/23497.shtml,2020-04-10
重庆科技学院,资源与环境,2020年重庆科技学院健康环境研究院硕士研究生调剂信息,/tiaoji/schooldetail/id/23495.shtml,2020-04-10
四川轻化工大学,详细查看官网,2020年四川轻化工大学研究生招生咨询各学院及研招办联..,/tiaoji/schooldetail/id/23493.shtml,2020-04-09
温州大学,环境工程,2020年温州大学环学院研究生调剂信息,/tiaoji/schooldetail/id/23491.shtml,2020-04-09
天津理工大学,凝聚态物理,天津理工大学凝聚态物理专业2020年考研调剂信息,/tiaoji/schooldetail/id/23489.shtml,2020-04-09
湖南理工学院,化学工程,湖南理工学院化学工程专业2020年考研调剂信息,/tiaoji/schooldetail/id/23487.shtml,2020-04-09
南京信息工程大学,材料科学与工程,南京信息工程大学化学与材料学院2020年考研调剂信息,/tiaoji/schooldetail/id/23485.shtml,2020-04-09
大连大学,高分子化学与物理,大连大学高分子化学与物理专业2020年考研调剂信息,/tiaoji/schooldetail/id/23483.shtml,2020-04-09
武汉材料保护研究所,机械设计及理论、材料学,2020年武汉材料保护研究所硕士研究生调剂信息（全日制..,/tiaoji/schooldetail/id/23481.shtml,2020-04-09
安徽农业大学,畜牧学、兽医学、动物遗传..,安徽农业大学动物遗传育种与繁殖专业2020年考研调剂信..,/tiaoji/schooldetail/id/23479.shtml,2020-04-09
广东药科大学,中西医结合基础,广东药科大学中西医结合基础专业2020年考研调剂信息,/tiaoji/schooldetail/id/23477.shtml,2020-04-09
大连工业大学,材料科学与工程、材料工程,大连工业大学材料科学与工程、材料工程专业2020年考研..,/tiaoji/schooldetail/id/23475.shtml,2020-04-09
武汉工程大学,环境科学,武汉工程大学环境科学专业2020年考研调剂信息,/tiaoji/schooldetail/id/23473.shtml,2020-04-09
大连工业大学,制浆造纸工程,大连工业大学非粮生物质精炼及纸基功能材料平清伟教授..,/tiaoji/schooldetail/id/23471.shtml,2020-04-09
浙江理工大学,材料科学与工程,浙江理工大学刘向东教授课题组材料科学与工程2020年考..,/tiaoji/schooldetail/id/23469.shtml,2020-04-09
中国计量大学,很多专业,中国计量大学义乌研究生院2020年考研调剂招生相关说明,/tiaoji/schooldetail/id/23467.shtml,2020-04-09
四川轻化工大学,生物与医药、化工与材料,四川轻化工大学生物与医药、化工与材料2020年研究生调..,/tiaoji/schooldetail/id/23465.shtml,2020-04-09
南方医科大学,详细查看正文,南方医科大学南方医院感染内科暨肝病中心2020年研究生..,/tiaoji/schooldetail/id/23463.shtml,2020-04-09
佳木斯大学,材料科学与工程,2020年佳木斯大学材料科学与工程研究生调剂信息,/tiaoji/schooldetail/id/23461.shtml,2020-04-08
重庆科技学院,资源与环境,重庆科技学院健康环境研究院2020年硕士研究生调剂信息,/tiaoji/schooldetail/id/23459.shtml,2020-04-10
安徽医科大学,详细查看正文,2020年安徽医科大学考研调剂相关说明,/tiaoji/schooldetail/id/23457.shtml,2020-04-08
南昌工程学院,电子信息,2020年南昌工程学院0854电子信息专业接收考研调剂生,/tiaoji/schooldetail/id/23455.shtml,2020-04-08
南昌工程学院,水利工程、管理科学与工程..,2020年南昌工程学院硕士研究生调剂信息（有“大学生退..,/tiaoji/schooldetail/id/23453.shtml,2020-04-08
南昌工程学院,管理科学与工程,2020年南昌工程学院1201管理科学与工程专业接收考研调..,/tiaoji/schooldetail/id/23451.shtml,2020-04-08
南昌工程学院,水利工程,2020年南昌工程学院0815水利工程专业接收考研调剂生,/tiaoji/schooldetail/id/23449.shtml,2020-04-08
常州大学,环境与资源、材料与化工、..,2020年常州大学环境与资源、材料与化工、化学工程与技..,/tiaoji/schooldetail/id/23447.shtml,2020-04-08
辽宁石油化工大学,物理化学、分析化学,2020年辽宁石油化工大学物理化学、分析化学研究生调剂..,/tiaoji/schooldetail/id/23445.shtml,2020-04-08
天津理工大学,物理学、材料科学与工程、..,天津理工大学无机材料与器件课题组2020年研究生调剂信..,/tiaoji/schooldetail/id/23443.shtml,2020-04-08
安徽大学,详细查看正文,安徽大学物质科学与信息技术研究院2020年考研预调剂信..,/tiaoji/schooldetail/id/23441.shtml,2020-04-08
黑龙江科技大学,详细查看正文,2020年黑龙江科技大学硕士研究生招生预调剂政策（含调..,/tiaoji/schooldetail/id/23439.shtml,2020-04-08
北京科技大学,物流工程与管理专业（非全..,2020年北京科技大学机械工程学院物流工程与管理专业（..,/tiaoji/schooldetail/id/23437.shtml,2020-04-08
南昌工程学院,水利工程、管理科学与工程..,2020年南昌工程学院接收硕士研究生调剂公告,/tiaoji/schooldetail/id/23435.shtml,2020-04-08
福建农林大学,生物学、生物工程,2020年福建农林大学生物学、生物工程专业研究生调剂信..,/tiaoji/schooldetail/id/23433.shtml,2020-04-08
河南大学,植物学,2020年河南大学植物学专业研究生调剂信息,/tiaoji/schooldetail/id/23431.shtml,2020-04-08
桂林电子科技大学,材料物理与化学,桂林电子科技大学材料物理与化学专业2020年考研调剂信..,/tiaoji/schooldetail/id/23429.shtml,2020-04-08
北京石油化工学院,安全科学与工程,北京石油化工学院安全科学与工程专业2020年考研调剂信..,/tiaoji/schooldetail/id/23427.shtml,2020-04-08
贵州大学,计算机技术,2020年贵州大学计算机技术专业研究生调剂信息,/tiaoji/schooldetail/id/23425.shtml,2020-04-08
景德镇陶瓷大学,材料物理与化学、材料学、..,景德镇陶瓷学院材料物理与化学、材料学、材料与化工专..,/tiaoji/schooldetail/id/23423.shtml,2020-04-08
天津理工大学,化学、材料与化工、材料科..,2020年天津理工大学化学专业研究生调剂信息,/tiaoji/schooldetail/id/23421.shtml,2020-04-08
福建工程学院,材料科学与工程、机械工程,福建工程学院材料科学与工程学院2020年考研调剂信息,/tiaoji/schooldetail/id/23419.shtml,2020-04-08
闽南师范大学,物理化学,2020年闽南师范大学化学化工与环境学院物理化学考研调..,/tiaoji/schooldetail/id/23417.shtml,2020-04-08
沈阳药科大学,环境科学与工程、环境工程,沈阳药科大学环境工程专业2020年考研调剂信息,/tiaoji/schooldetail/id/23415.shtml,2020-04-08
华侨大学,化学工程、安全科学与工程,华侨大学化学工程、安全科学与工程专业2020年考研调剂..,/tiaoji/schooldetail/id/23413.shtml,2020-04-08
东北石油大学,计算机科学与技术,东北石油大学计算机科学与技术专业2020年考研调剂信息,/tiaoji/schooldetail/id/23411.shtml,2020-04-08
西南技术物理研究所（209所）,光学工程,2020年度西南技术物理研究所全日制硕士研究生调剂信息,/tiaoji/schooldetail/id/23409.shtml,2020-04-07
北京科技大学,多个专业,北京科技大学顺德研究生院2020年考研调剂信息,/tiaoji/schooldetail/id/23407.shtml,2020-04-07
河南科技大学,基础医学、药学,2020年河南科技大学医学院基础医学、药学研究生调剂信..,/tiaoji/schooldetail/id/23405.shtml,2020-04-07
中国石油大学（北京）,化学工艺、化学、环境科学..,2020年中国石油大学（北京）新能源与材料学院徐泉课题..,/tiaoji/schooldetail/id/23403.shtml,2020-04-07
东北林业大学,化学、化学工程,2020年东北林业大学化学、化学工程考研调剂信息（专硕..,/tiaoji/schooldetail/id/23401.shtml,2020-04-07
东北石油大学,软件工程,2020年东北石油大学软件工程考研调剂信息(专硕),/tiaoji/schooldetail/id/23399.shtml,2020-04-07
东北石油大学,计算机科学与技术,2020年东北石油大学计算机科学与技术考研调剂信息(专..,/tiaoji/schooldetail/id/23397.shtml,2020-04-07
东北石油大学,电子信息,2020年东北石油大学电子信息考研调剂信息(专硕),/tiaoji/schooldetail/id/23395.shtml,2020-04-07
华南农业大学,农业生物环境与能源工程、..,华南农业大学农业生物环境与能源工程、农业工程2020年..,/tiaoji/schooldetail/id/23393.shtml,2020-04-07
东北石油大学,材料学,2020年东北石油大学材料学研究生调剂信息,/tiaoji/schooldetail/id/23391.shtml,2020-04-07
安徽工业大学,材料物理与化学,2020年安徽工业大学材料物理与化学研究生调剂信息,/tiaoji/schooldetail/id/23389.shtml,2020-04-07
宁波大学,工程热物理,2020年宁波大学工程热物理研究生调剂信息,/tiaoji/schooldetail/id/23387.shtml,2020-04-07
闽南师范大学,无机化学,2020年闽南师范大学化学化工与环境学院无机化学考研调..,/tiaoji/schooldetail/id/23385.shtml,2020-04-07
南京大学,低维功能材料合成、能源转..,南京大学王学斌课题组低维功能材料合成、能源转化与存..,/tiaoji/schooldetail/id/23383.shtml,2020-04-07
东北石油大学,油气井工程、油气田开发工..,2020年东北石油大学油气井工程、油气田开发工程、资源..,/tiaoji/schooldetail/id/23381.shtml,2020-04-07
闽南师范大学,有机化学,2020年闽南师范大学化学化工与环境学院有机化学考研调..,/tiaoji/schooldetail/id/23379.shtml,2020-04-07
江汉大学,材料科学与工程,江汉大学材料科学与工程专业2020年考研调剂信息,/tiaoji/schooldetail/id/23377.shtml,2020-04-05
天津科技大学,代谢工程、合成生物学、分..,2020年天津科技大学与中科院天津工业生物技术所培养硕..,/tiaoji/schooldetail/id/23375.shtml,2020-04-05
浙江农林大学,生物信息学,浙江农林大学生物信息学专业2020年考研调剂信息,/tiaoji/schooldetail/id/23373.shtml,2020-04-05
浙江理工大学,材料类,浙江理工大学材料类2020年考研调剂信息,/tiaoji/schooldetail/id/23371.shtml,2020-04-05
中国地质大学（武汉）,化学,中国地质大学（武汉）化学专业2020年考研调剂信息,/tiaoji/schooldetail/id/23369.shtml,2020-04-05
河北科技大学,凝聚态物理,河北科技大学凝聚态物理专业2020年考研调剂信息,/tiaoji/schooldetail/id/23367.shtml,2020-04-05
华南师范大学,详情查看正文,华南师范大学地理科学学院2020年硕士招生工作说明,/tiaoji/schooldetail/id/23365.shtml,2020-04-05
临沂大学,化学、生物医学工程,临沂大学化学化工学院2020考研预调剂信息,/tiaoji/schooldetail/id/23363.shtml,2020-04-05
广西民族大学,应用经济学、区域经济学、..,广西民族大学经济学院/商学院2020年考研预调剂信息,/tiaoji/schooldetail/id/23361.shtml,2020-04-05
中国民航大学,航空宇航科学与技术,中国民航大学航空宇航科学与技术专业2020年调剂信息,/tiaoji/schooldetail/id/23359.shtml,2020-04-05
重庆理工大学,电子信息、光学工程,重庆理工大学理学院2020年接受调剂电子信息和光学工程..,/tiaoji/schooldetail/id/23357.shtml,2020-04-03
广东药科大学,生物工程,2020年广东药科大学生物工程专业接收调剂硕士生3名,/tiaoji/schooldetail/id/23355.shtml,2020-04-03
河北科技大学,物理,2020年河北科技大学理学院物理系拟接收部分调剂生,/tiaoji/schooldetail/id/23353.shtml,2020-04-03
长春理工大学,化学、化工、材料、生物,长春理工大学材料科学与工程学院高分子材料方向2020年..,/tiaoji/schooldetail/id/23351.shtml,2020-04-03
江西理工大学,有机化学、材料化学,江西理工大学有机化学或材料化学方向2020年研究生调剂..,/tiaoji/schooldetail/id/23349.shtml,2020-04-03
湖南工业大学,控制理论与控制工程、电气..,湖南工业大学控制理论与控制工程、电气工程2020年研究..,/tiaoji/schooldetail/id/23347.shtml,2020-04-03
中原工学院,控制科学与工程、电子信息,中原工学院控制科学与工程、电子信息专业2020年考研调..,/tiaoji/schooldetail/id/23345.shtml,2020-04-03
江汉大学,化学相关,江汉大学化学相关类专业2020年研究生调剂信息,/tiaoji/schooldetail/id/23343.shtml,2020-04-03
中国航天科工集团第三研究院,信息与通信工程、控制科学..,中国航天科工集团第三研究院2020年研究生调剂信息,/tiaoji/schooldetail/id/23341.shtml,2020-04-03
电信科学技术研究院,电子科学与技术、信息与通..,电信科学技术研究院2020年考研调剂信息,/tiaoji/schooldetail/id/23339.shtml,2020-04-03
榆林学院,材料与化工、农业,榆林学院2020级硕士研究生招生专业人数说明（材料与化..,/tiaoji/schooldetail/id/23337.shtml,2020-04-03
哈尔滨工程大学,详细查看正文,哈尔滨工程大学计算机科学与技术学院2020年接收调剂的..,/tiaoji/schooldetail/id/23335.shtml,2020-04-03
三峡大学,化学、电子信息,临沂大学2020年硕士研究生各调剂专业联系方式（化学、..,/tiaoji/schooldetail/id/23333.shtml,2020-04-03
河南工业大学,详细查看正文,河南工业大学机电工程学院2020年研究生招生调剂咨询通..,/tiaoji/schooldetail/id/23331.shtml,2020-04-03
河南工业大学,控制科学与工程、电子信息,河南工业大学电气工程学院控制科学与工程、电子信息专..,/tiaoji/schooldetail/id/23329.shtml,2020-04-03
武汉纺织大学,金融,武汉纺织大学金融专业硕士2020年硕士研究生调剂信息,/tiaoji/schooldetail/id/23327.shtml,2020-04-03
天津科技大学,微生物代谢工程、合成生物..,2020年天津科技大学与中科院天津工业生物技术所张大伟..,/tiaoji/schooldetail/id/23325.shtml,2020-04-03
上海理工大学,MBA、MPA、MEM、MPAcc,上海理工大学MBA、MPA、MEM、MPAcc项目2020年考研调剂..,/tiaoji/schooldetail/id/23323.shtml,2020-04-03
北京航空材料研究院,材料科学与工程、固体力学,北京航空材料研究院材料科学与工程、固体力学2020年考..,/tiaoji/schooldetail/id/23321.shtml,2020-04-02
贵州大学,机械工程、设计学,贵州大学机械工程、设计学2020年调剂信息,/tiaoji/schooldetail/id/23319.shtml,2020-04-02
江西科技师范大学,材料科学与工程、分析化学,江西科技师范大学材料科学与工程、分析化学2020年考研..,/tiaoji/schooldetail/id/23317.shtml,2020-04-02
武汉科技大学,材料学,武汉科技大学先进储能材料与器件团队2020年招收硕士调..,/tiaoji/schooldetail/id/23315.shtml,2020-04-02
武汉纺织大学,管理科学与工程、工商管理,武汉纺织大学管理科学与工程2020年考研调剂信息,/tiaoji/schooldetail/id/23313.shtml,2020-04-02
中科院长春应用化学研究所,高分子,中科院长春应化所高分子合成方向2020年考研调剂信息,/tiaoji/schooldetail/id/23311.shtml,2020-04-02
常州大学,化学工程,常州大学石油化工学院化学工程专业2020年考研调剂信息,/tiaoji/schooldetail/id/23309.shtml,2020-04-02
北京工商大学,高分子材料,北京工商大学高分子材料专业2020年考研调剂信息,/tiaoji/schooldetail/id/23307.shtml,2020-04-02
杭州师范大学,环境工程、应用化学,杭州师范大学环境工程、应用化学专业2020年考研调剂信..,/tiaoji/schooldetail/id/23305.shtml,2020-04-02
浙江理工大学,物理学,浙江理工大学物理学专业2020年考研调剂信息,/tiaoji/schooldetail/id/23303.shtml,2020-04-02
浙江科技学院,化学工程,浙江科技学院化学工程专业2020年考研调剂信息,/tiaoji/schooldetail/id/23301.shtml,2020-04-02
阜阳师范大学,有机化学,阜阳师范大学乔瑞教授课题组有机化学专业2020年考研调..,/tiaoji/schooldetail/id/23299.shtml,2020-04-02
湖州师范学院,水生生物学、水产,湖州师范学院水产、水生生物学专业2020年考研调剂信息,/tiaoji/schooldetail/id/23297.shtml,2020-04-02
郑州大学,信息与通信工程，计算机科..,2020年郑州大学河南先进技术研究院考研调剂信息（信息..,/tiaoji/schooldetail/id/23295.shtml,2020-04-02
中国农业科学院,管理科学与工程、计算机,2020年中国农业科学院农业信息研究所智能农业科室拟招..,/tiaoji/schooldetail/id/23293.shtml,2020-04-02
中科院理化技术研究所,化学、材料、物理,中国科学院理化技术研究所化学、材料、物理2020年考研..,/tiaoji/schooldetail/id/23291.shtml,2020-04-02
汕头大学,化学,汕头大学理学院化学系理论模拟方向2020年考研调剂信息,/tiaoji/schooldetail/id/23289.shtml,2020-04-02
渤海大学,学科教学（化学）、无机化..,渤海大学化学化工学院2020年硕士研究生预调剂信息公告,/tiaoji/schooldetail/id/23287.shtml,2020-04-01
广西师范大学,金融硕士,广西师范大学金融硕士2020年考研调剂信息,/tiaoji/schooldetail/id/23285.shtml,2020-04-01
广西师范大学,工商管理、工商管理硕士,广西师范大学工商管理、工商管理硕士2020年考研调剂信..,/tiaoji/schooldetail/id/23283.shtml,2020-04-01
广西师范大学,理论经济学、应用经济学,广西师范大学理论经济学、应用经济学2020年考研调剂信..,/tiaoji/schooldetail/id/23281.shtml,2020-04-01
天津理工大学,化学、化工、材料、高分子,2020年天津理工大学材料科学与工程学院硕士研究生调剂..,/tiaoji/schooldetail/id/23279.shtml,2020-04-01
辽宁工业大学,材料物理与化学、材料学、..,2020年辽宁工业大学材料学院硕士研究生调剂信息,/tiaoji/schooldetail/id/23277.shtml,2020-04-01
天津理工大学,化学、材料、物理、化工,2020年天津理工大学功能晶体研究院考研调剂信息,/tiaoji/schooldetail/id/23275.shtml,2020-04-01
重庆大学,计算机、动力工程,重庆大学人工智能中心计算机、动力工程等相关专业2020..,/tiaoji/schooldetail/id/23273.shtml,2020-04-01
中国地质大学（武汉）,材料科学与工程、化学,中国地质大学（武汉）材料与化学学院材料科学与工程、..,/tiaoji/schooldetail/id/23271.shtml,2020-04-01
太原理工大学,材料科学与工程,太原理工大学材料科学与工程专业2020年考研调剂信息,/tiaoji/schooldetail/id/23269.shtml,2020-04-01
河北经贸大学,生物工程,河北经贸大学生物工程专业2020年考研调剂信息,/tiaoji/schooldetail/id/23267.shtml,2020-04-01
北京石油化工学院,工商管理,北京石油化工学院工商管理专业2020年考研调剂信息,/tiaoji/schooldetail/id/23265.shtml,2020-04-01
武汉科技大学,化学工程与技术,2020年武汉科技大学化学工程与技术专业考研调剂信息,/tiaoji/schooldetail/id/23263.shtml,2020-04-01
辽宁科技大学,治金工程、材料科学与工程..,辽宁科技大学治金工程、材料科学与工程、化学工程与技..,/tiaoji/schooldetail/id/23261.shtml,2020-04-01
福建工程学院,材料科学与工程、机械工程,福建工程学院材料科学与工程、机械工程专业2020年考研..,/tiaoji/schooldetail/id/23259.shtml,2020-04-01
上海师范大学,金融学、产业经济学、数量..,上海师范大学商学院2020年硕士研究生调剂信息,/tiaoji/schooldetail/id/23257.shtml,2020-04-01
武汉纺织大学,材料科学与工程,2020年武汉纺织大学材料科学与工程研究生调剂信息,/tiaoji/schooldetail/id/23255.shtml,2020-04-01
大连海事大学,物理学、应用物理学、电气..,大连海事大学物理学、应用物理学、电气工程及自动化、..,/tiaoji/schooldetail/id/23253.shtml,2020-04-01
长沙理工大学,公共管理MPA、哲学,长沙理工大学马克思主义学院哲学2020年研究生调剂信息,/tiaoji/schooldetail/id/23251.shtml,2020-04-01
湖北大学,生物学,2020年湖北大学生物学研究生调剂信息（接收5名）,/tiaoji/schooldetail/id/23249.shtml,2020-04-01
杭州师范大学,材料与化工、工程硕士,2020年杭州师范大学化学工程研究生调剂信息,/tiaoji/schooldetail/id/23247.shtml,2020-04-01
武汉纺织大学,材料物理与化学,2020年武汉纺织大学材料物理与化学考研调剂信息,/tiaoji/schooldetail/id/23245.shtml,2020-04-01
浙江海洋大学,机械、土木、流体力学、工..,2020年浙江海洋大学机械/土木/流体力学/工程力学/计算..,/tiaoji/schooldetail/id/23243.shtml,2020-04-01
武汉纺织大学,材料科学与工程、材料与化..,武汉纺织大学材料科学与工程/材料与化工2020年考研调..,/tiaoji/schooldetail/id/23241.shtml,2020-04-01
渤海大学,分析化学,2020年渤海大学分析化学研究生调剂信息,/tiaoji/schooldetail/id/23239.shtml,2020-04-01
渤海大学,食品加工与安全、食品科学..,渤海大学食品科学与工程学院2020年硕士研究生预调剂信..,/tiaoji/schooldetail/id/23237.shtml,2020-04-01
杭州师范大学,物理学,2020年杭州师范大学物理学研究生调剂信息,/tiaoji/schooldetail/id/23235.shtml,2020-04-01
青岛大学,生物化学与分子生物学,青岛大学肿瘤精准医学研究院生物化学与分子生物学2020..,/tiaoji/schooldetail/id/23233.shtml,2020-04-01
杭州师范大学,药学,2020年杭州师范大学医学院药学研究生调剂信息,/tiaoji/schooldetail/id/23231.shtml,2020-04-01
中国计量大学,电子、光学、化学、材料、..,2020年中国计量大学光电学院光电材料与器件研究院（专..,/tiaoji/schooldetail/id/23229.shtml,2020-04-01
北京航空材料研究院,材料科学与工程、固体力学,2020年北京航空材料研究院硕士招生调剂信息,/tiaoji/schooldetail/id/23227.shtml,2020-04-01
中国科学院大学,化学工程与技术、化学工程..,2020年中国科学院大学化学工程与技术专业研究生调剂信..,/tiaoji/schooldetail/id/23225.shtml,2020-03-31
广西大学,木材科学与技术,2020年广西大学木材科学与技术专业研究生调剂信息,/tiaoji/schooldetail/id/23223.shtml,2020-03-31
中国科学技术大学,高分子化学与物理,中国科学技术大学高分子化学与物理专业2020年考研调剂..,/tiaoji/schooldetail/id/23221.shtml,2020-03-31
大连工业大学,工学、生物、化工、化学、..,2020年大连工业大学生物基纤维材料与化学品团队考研调..,/tiaoji/schooldetail/id/23219.shtml,2020-03-31
河北大学,理论物理,2020年河北大学理论物理专业研究生调剂信息,/tiaoji/schooldetail/id/23217.shtml,2020-03-31
沈阳化工大学,控制科学与工程,沈阳化工大学控制科学与工程专业2020年考研调剂信息,/tiaoji/schooldetail/id/23215.shtml,2020-03-31
武汉科技大学,材料学,2020年武汉科技大学材料学专业研究生调剂信息,/tiaoji/schooldetail/id/23213.shtml,2020-03-31
辽宁工程技术大学,石油与天然气工程、建筑学..,辽宁工程技术大学石油与天然气工程等2020年考研调剂信..,/tiaoji/schooldetail/id/23211.shtml,2020-03-31
齐鲁工业大学,制浆造纸工程,齐鲁工业大学制浆造纸工程专业2020年考研调剂信息,/tiaoji/schooldetail/id/23209.shtml,2020-03-31
广东海洋大学,渔业资源,广东海洋大学渔业资源2020年研究生调剂信息,/tiaoji/schooldetail/id/23207.shtml,2020-03-31
重庆科技学院,材料学,2020年重庆科技学院先进焊接与微连接课题组材料学调剂..,/tiaoji/schooldetail/id/23205.shtml,2020-03-31
中国计量大学,材料科学与工程,中国计量大学材料科学与工程2020年研究生调剂信息,/tiaoji/schooldetail/id/23203.shtml,2020-03-31
中科院过程工程研究所,化学工程与技术,中国科学院过程工程研究所与沈阳化工大学2020年联合招..,/tiaoji/schooldetail/id/23201.shtml,2020-03-30
中科院长春应用化学研究所,化学、材料,2020年中科院长春应用化学研究所无机化学考研调剂信息,/tiaoji/schooldetail/id/23199.shtml,2020-03-30
湖北大学,材料科学与工程,湖北大学材料科学与工程专业2020年研究生调剂信息,/tiaoji/schooldetail/id/23197.shtml,2020-03-30
武汉轻工大学,土木工程、材料与化工,2020年武汉轻工大学土木工程专业研究生调剂信息,/tiaoji/schooldetail/id/23195.shtml,2020-03-30
华东交通大学,无机化学,2020年华东交通大学无机化学专业考研调剂信息,/tiaoji/schooldetail/id/23193.shtml,2020-03-30
青岛大学,生物学,青岛大学生物学专业2020年硕士研究生调剂信息,/tiaoji/schooldetail/id/23191.shtml,2020-03-30
重庆三峡学院,电路与系统,2020年重庆三峡学院电路与系统专业考研调剂信息,/tiaoji/schooldetail/id/23189.shtml,2020-03-30
重庆交通大学,材料物理与化学,重庆交通大学材料物理与化学专业2020年研究生调剂信息,/tiaoji/schooldetail/id/23187.shtml,2020-03-30
苏州科技大学,应用化学,苏州科技大学应用化学专业2020年硕士研究生调剂信息,/tiaoji/schooldetail/id/23185.shtml,2020-03-30
中北大学,信息与通信工程、信号与信..,中北大学信息与通信工程、信号与信息处理、生物工程20..,/tiaoji/schooldetail/id/23183.shtml,2020-03-30
西南科技大学,详细查看正文,西南科技大学微系统中心2020年研究生调剂信息,/tiaoji/schooldetail/id/23181.shtml,2020-03-30
重庆科技学院,防灾减灾工程及防护工程、..,重庆科技学院防灾减灾工程及防护工程、结构工程2020年..,/tiaoji/schooldetail/id/23179.shtml,2020-03-30
东北石油大学,动力工程及工程热物理,东北石油大学动力工程及工程热物理专业2020年研究生调..,/tiaoji/schooldetail/id/23177.shtml,2020-03-30
北京协和医学院,化学生物学,2020年中国医学科学院北京协和医学院药物研究所化学生..,/tiaoji/schooldetail/id/23175.shtml,2020-03-30
厦门理工学院,电子信息,厦门理工学院电气工程与自动化学院2020年硕士研究生招..,/tiaoji/schooldetail/id/23173.shtml,2020-03-30
厦门理工学院,电子信息、光学工程,厦门理工学院材料科学与工程学院2020年拟接受研究生调..,/tiaoji/schooldetail/id/23171.shtml,2020-03-30
合肥学院,多个专业,合肥学院2020年硕士研究生招生调剂公告,/tiaoji/schooldetail/id/23169.shtml,2020-03-28
太原科技大学,环境科学与工程,太原科技大学环境与安全学院环境科学与工程2020年考研..,/tiaoji/schooldetail/id/23167.shtml,2020-03-27
重庆交通大学,中北大学,重庆交通大学材料物理与化学2020年研究生调剂信息,/tiaoji/schooldetail/id/23165.shtml,2020-03-27
河北经贸大学,食品科学,2020年河北经贸大学食品科学研究生调剂信息,/tiaoji/schooldetail/id/23163.shtml,2020-03-27
华东交通大学,材料、生物、化学、物理,2020年华东交通大学华东交通大学先进材料研究院研究生..,/tiaoji/schooldetail/id/23161.shtml,2020-03-27
武汉轻工大学,土木工程、材料与化工,武汉轻工大学土木工程、材料与化工2020年研究生调剂信..,/tiaoji/schooldetail/id/23159.shtml,2020-03-27
内蒙古科技大学,治金物理化学、冶金工程,内蒙古科技大学治金物理化学专业2020年考研调剂信息,/tiaoji/schooldetail/id/23157.shtml,2020-03-27
上海空间电子设备研究所（539）,信息与通信工程,上海空间电子设备研究所（539）接收2020年考研调剂生..,/tiaoji/schooldetail/id/23155.shtml,2020-03-26
邯郸净化设备研究所（718所）,应用化学专业,邯郸净化设备研究所应用化学专业2020研究生调剂信息,/tiaoji/schooldetail/id/23153.shtml,2020-03-26
北京电子科技学院,网络空间安全学硕;电子与..,北京电子科技学院2020研究生调剂信息,/tiaoji/schooldetail/id/23151.shtml,2020-03-26
湖南师范大学,理学->化学,2020年湖南师范大学化学专业考研调剂信息,/tiaoji/schooldetail/id/23149.shtml,2020-03-26
东北电力大学,工学,2020年东北电力大学金属材料专业研究生调剂信息,/tiaoji/schooldetail/id/23147.shtml,2020-03-26
中国地质大学（北京）,工学->材料科学与工程-..,2020年中国地质大学（北京）材料学专业研究生调剂信息,/tiaoji/schooldetail/id/23145.shtml,2020-03-26
北京工商大学,,2020年北京工商大学材料物理与化学专业考研调剂信息,/tiaoji/schooldetail/id/23143.shtml,2020-03-26
复旦大学,工学->电子科学与技术-..,2020年复旦大学微电子学与固体电子学专业研究生调剂信..,/tiaoji/schooldetail/id/23141.shtml,2020-03-26
安徽农业大学,农学->水产->水产养..,2020年安徽农业大学水产养殖专业研究生调剂信息,/tiaoji/schooldetail/id/23139.shtml,2020-03-26
首都师范大学,物理化学,首都师范大学物理化学2020年研究生调剂信息,/tiaoji/schooldetail/id/23137.shtml,2020-03-25
福建农林大学,农学、土壤学、植物营养学..,福建农林大学农学专业2020年研究生调剂信息,/tiaoji/schooldetail/id/23135.shtml,2020-03-25
青岛科技大学,化学工程,青岛科技大学化学院2020年研究生调剂信息,/tiaoji/schooldetail/id/23133.shtml,2020-03-25
武汉科技大学,材料物理与化学,武汉科技大学材料物理与化学专业2020年考研调剂信息,/tiaoji/schooldetail/id/23131.shtml,2020-03-25
天津理工大学,材料科学与工程,天津理工大学材料科学与工程专业2020年考研调剂信息,/tiaoji/schooldetail/id/23129.shtml,2020-03-25
浙江科技学院,信息与通信工程、控制科学..,浙江科技大学电子信息类、计算机类、机械类和电气自动..,/tiaoji/schooldetail/id/23127.shtml,2020-03-25
青岛大学,物理学,青岛大学物理学专业2020年考研调剂信息,/tiaoji/schooldetail/id/23125.shtml,2020-03-25
南阳师范学院,工程硕士（生物与医药类别..,南阳师范学院2020年全日制工程硕士（生物与医药类别）..,/tiaoji/schooldetail/id/23123.shtml,2020-03-25
北京物资学院,应用经济学、理论经济学、..,北京物资学院经济学院2020年硕士研究生调剂预告,/tiaoji/schooldetail/id/23121.shtml,2020-03-25
哈尔滨船舶锅炉涡轮机研究所,轮机工程,哈尔滨船舶锅炉涡轮机研究所（703研究所）2020年研究..,/tiaoji/schooldetail/id/23119.shtml,2020-03-25
汕头大学,很多专业,2020年汕头大学硕士研究生预调剂公告,/tiaoji/schooldetail/id/23117.shtml,2020-03-25
上海大学,法律硕士（非全）,上海大学法学院2020年非全日制法律硕士考研调剂信息,/tiaoji/schooldetail/id/23115.shtml,2020-03-25
上海大学,工程管理（MEM）,上海大学管理学院2020年非全日制工程管理（MEM）项目..,/tiaoji/schooldetail/id/23113.shtml,2020-03-25
中国舰船研究院,仪器科学与技术、电子科学..,中国舰船研究院宜昌测试技术研究所（710所）2020年考..,/tiaoji/schooldetail/id/23111.shtml,2020-03-25
上海船舶设备研究所,机械电子工程、控制理论与..,上海船舶设备研究所2020年硕士研究生调剂信息,/tiaoji/schooldetail/id/23109.shtml,2020-03-25
北京物资学院,详细查看正文,2020年北京物资学院研究生招生工作近期安排通知（含调..,/tiaoji/schooldetail/id/23107.shtml,2020-03-25
哈尔滨理工大学,电气工程、能源动力、信息..,哈尔滨理工大学电气学院2020年硕士研究生调剂信息,/tiaoji/schooldetail/id/23105.shtml,2020-03-25
哈尔滨理工大学,材料科学与工程、材料与化..,2020年哈尔滨理工大学材料学院硕士研究生调剂信息,/tiaoji/schooldetail/id/23103.shtml,2020-03-25
青岛科技大学,软件工程、计算机科学与技..,青岛科技大学信息科学技术学院2020年研究生调剂信息,/tiaoji/schooldetail/id/23101.shtml,2020-03-25
安庆师范大学,详细查看正文,安庆师范大学2020年硕士研究生调剂信息,/tiaoji/schooldetail/id/23099.shtml,2020-03-25
哈尔滨理工大学,,哈尔滨理工大学理学院2020年研究生调剂信息,/tiaoji/schooldetail/id/23097.shtml,2020-03-24
哈尔滨理工大学,详细查看正文,哈尔滨理工大学测控技术与通信工程学院2020年研究生调..,/tiaoji/schooldetail/id/23095.shtml,2020-03-24
东北林业大学,化学、材料与化工、药学,东北林业大学化学化工与资源利用学院2020年接受调剂生,/tiaoji/schooldetail/id/23093.shtml,2020-03-24
哈尔滨船舶锅炉涡轮机研究所,轮机工程,2020年哈尔滨船舶锅炉涡轮机研究所（703研究所）考研..,/tiaoji/schooldetail/id/23091.shtml,2020-03-24
安徽工业大学,材料科学与工程、材料学,安徽工业大学材料学专业2020年研究生调剂信息,/tiaoji/schooldetail/id/23089.shtml,2020-03-24
东北石油大学,矿产普查与勘探、地质工程,东北石油大学闫百泉、孙雨教授团队地质工程专业2020年..,/tiaoji/schooldetail/id/23087.shtml,2020-03-24
湖北汽车工业学院,材料加工工程,湖北汽车工业学院材料加工工程专业2020年考研调剂信息,/tiaoji/schooldetail/id/23085.shtml,2020-03-24
中国矿业大学（徐州）,生物化工、电子信息,中国矿业大学生物工程专业2020年研究生调剂信息,/tiaoji/schooldetail/id/23083.shtml,2020-03-24
西北民族大学,材料科学与工程、化学、教..,西北民族大学材料科学与工程、化学专业2020年考研调剂..,/tiaoji/schooldetail/id/23081.shtml,2020-03-24
天津医科大学,生物学、医学、生物化学、..,天津医科大学基础医学院2020年考研调剂信息,/tiaoji/schooldetail/id/23079.shtml,2020-03-24
南京林业大学,材料科学与工程,南京林业大学材料科学与工程专业2020年考研调剂信息,/tiaoji/schooldetail/id/23077.shtml,2020-03-24
青岛大学,生物学,2020年青岛大学基础研究院生物信息学考研调剂信息,/tiaoji/schooldetail/id/23075.shtml,2020-03-24
福建工程学院,材料科学与工程、机械工程,福建工程学院材料科学与工程学院2020年考研调剂信息,/tiaoji/schooldetail/id/23073.shtml,2020-03-24
济南大学,材料物理与化学,济南大学材料科学与工程学院侯林瑞教授课题组接收2020..,/tiaoji/schooldetail/id/23071.shtml,2020-03-24
东北石油大学,动力工程及工程热物理、动..,东北石油大学工学多个专业2020年考研调剂信息,/tiaoji/schooldetail/id/23069.shtml,2020-03-24
浙江科技学院,化学工程与技术、食品科学..,浙江科技学院化学工程与技术专业2020年考研调剂信息,/tiaoji/schooldetail/id/23067.shtml,2020-03-24
沈阳建筑大学,机械制造及其自动化,沈阳建筑大学机械制造及其自动化专业2020年考研调剂信..,/tiaoji/schooldetail/id/23065.shtml,2020-03-24
北京石油化工学院,机械电子工程,北京石油化工学院机械电子工程专业2020年考研调剂信息,/tiaoji/schooldetail/id/23063.shtml,2020-03-24
大连工业大学,化学工程与技术->应用..,大连工业大学应用化学专业2020年考研调剂信息,/tiaoji/schooldetail/id/23061.shtml,2020-03-24
南昌航空大学,材料科学与工程,南昌航空大学材料科学与工程专业2020年考研调剂信息,/tiaoji/schooldetail/id/23059.shtml,2020-03-24
郑州机电工程研究所,机械电子工程、兵器发射理..,郑州机电工程研究所机械电子工程专业2020年考研调剂信..,/tiaoji/schooldetail/id/23057.shtml,2020-03-23
东北林业大学,林业工程,东北林业大学林业工程专业2020年考研调剂信息,/tiaoji/schooldetail/id/23055.shtml,2020-03-23
内蒙古科技大学,治金物理化学、冶金工程,内蒙古科技大学治金物理化学专业2020年考研调剂信息,/tiaoji/schooldetail/id/23053.shtml,2020-03-23
东北林业大学,森林工程,东北林业大学森林工程专业2020年考研调剂信息,/tiaoji/schooldetail/id/23051.shtml,2020-03-23
青岛大学,药理学,青岛大学药理学专业2020年研究生调剂信息,/tiaoji/schooldetail/id/23049.shtml,2020-03-23
五邑大学,材料、物理、化学、信息、..,五邑大学应用物理与材料学院2020年考研调剂信息,/tiaoji/schooldetail/id/23047.shtml,2020-03-23
常州大学,详细查看正文,2020年常州大学硕士研究生招生(调剂)复试工作咨询公告,/tiaoji/schooldetail/id/23045.shtml,2020-03-23
昆明理工大学,详细查看正文,2020年昆明理工大学考研调剂复试各学院联系咨询方式,/tiaoji/schooldetail/id/23043.shtml,2020-03-23
合肥学院,材料科学与工程、材料与化..,2020年合肥学院硕士研究生招生调剂公告,/tiaoji/schooldetail/id/23041.shtml,2020-03-22
南昌航空大学,很多专业,2020年南昌航空大学考研调剂相关说明,/tiaoji/schooldetail/id/23039.shtml,2020-03-20
徐州医科大学,详细查看正文,徐州医科大学2020年硕士研究生招生调剂相关说明,/tiaoji/schooldetail/id/23037.shtml,2020-03-20
盐城工学院,机械、化学工程与技术,盐城工学院2020年硕士研究生调剂信息公告,/tiaoji/schooldetail/id/23035.shtml,2020-03-20
北京石油化工学院,机械电子工程,北京石油化工学院机械电子工程2020年考研调剂信息,/tiaoji/schooldetail/id/23033.shtml,2020-03-20
大连工业大学,化学工程与技术、化学工程,大连工业大学应用化学2020年考研调剂信息,/tiaoji/schooldetail/id/23031.shtml,2020-03-20
太原科技大学,材料科学与工程、冶金工程..,太原科技大学材料学院2020年硕士研究生调剂信息,/tiaoji/schooldetail/id/23027.shtml,2020-03-20
安徽大学,详细查看正文,安徽大学外语学院2020年调剂调剂工作咨询通知,/tiaoji/schooldetail/id/23025.shtml,2020-03-20
安徽大学,工程、生物学、生态学,安徽大学生命科学学院2020年硕士研究生调剂预报名公告,/tiaoji/schooldetail/id/23023.shtml,2020-03-20
淮北师范大学,法学、教育学、心理学、中..,淮北师范大学2020年硕士研究生招生考试调剂工作答疑,/tiaoji/schooldetail/id/23021.shtml,2020-03-20
内蒙古大学,工商管理、法律（非法学）..,2020年内蒙古大学关于复试和意向调剂非全日制专业考生..,/tiaoji/schooldetail/id/23019.shtml,2020-03-20
东莞理工学院,计算机科学与技术、资源与..,东莞理工学院2020年硕士研究生调剂信息公告（计算机科..,/tiaoji/schooldetail/id/23017.shtml,2020-03-20
华东交通大学,,华东交通大学理学院2020考研调剂：提交顺序择优确定调..,/tiaoji/schooldetail/id/23015.shtml,2020-03-20
东北林业大学,森林工程,东北林业大学森林工程2020年考研调剂信息,/tiaoji/schooldetail/id/23013.shtml,2020-03-20
福建农林大学,植物营养学、土壤学、农学..,福建农林大学国际镁营养研究所2020年招收硕士研究生,/tiaoji/schooldetail/id/23011.shtml,2020-03-20
安徽工业大学,冶金、材料、化工、环境,安徽工业大学材料学2020年接受调剂研究生,/tiaoji/schooldetail/id/23009.shtml,2020-03-20
云南农业大学,详细查看正文,2020年云南农业大学考研调剂工作说明,/tiaoji/schooldetail/id/23007.shtml,2020-03-20
中国舰船研究设计中心（701所）,仪器科学与技术、电子科学..,2020年中国舰船研究院宜昌测试技术研究所（710所）考..,/tiaoji/schooldetail/id/23005.shtml,2020-03-19
南宁师范大学,学科教学（音乐）、艺术硕..,南宁师范大学音乐与舞蹈学院2020年考研调剂信息（含专..,/tiaoji/schooldetail/id/23003.shtml,2020-03-19
南宁师范大学,学科教学（美术）、职业技..,南宁师范大学美术与设计学院2020年考研调剂信息（含专..,/tiaoji/schooldetail/id/23001.shtml,2020-03-19
南宁师范大学,详细查看正文,南宁师范大学初等教育学院2020年考研调剂相关说明,/tiaoji/schooldetail/id/22999.shtml,2020-03-19
南宁师范大学,旅游管理、职业技术教育,南宁师范大学旅游与文化学院2020年考研调剂说明（含专..,/tiaoji/schooldetail/id/22997.shtml,2020-03-19
南宁师范大学,详细查看正文,南宁师范大学环境与生命科学学院2020年考研预调剂信息,/tiaoji/schooldetail/id/22995.shtml,2020-03-19
南宁师范大学,详细查看正文,南宁师范大学地理科学与规划学院2020年考研调剂说明,/tiaoji/schooldetail/id/22993.shtml,2020-03-19
南宁师范大学,教育经济与管理、教育管理..,南宁师范大学教育科学学院2020年考研调剂说明（含专业..,/tiaoji/schooldetail/id/22991.shtml,2020-03-19
华侨大学,化学工程与技术、环境科学..,2020年华侨大学化工学院硕士研究生调剂通知,/tiaoji/schooldetail/id/22989.shtml,2020-03-19
中国舰船研究院,舰船电子工程技术、导航、..,中国舰船研究院（七院北京本部）2020年硕士研究生调剂..,/tiaoji/schooldetail/id/22987.shtml,2020-03-19
桂林电子科技大学,详细正文,2020年桂林电子科技大学考研调剂相关说明,/tiaoji/schooldetail/id/22985.shtml,2020-03-19
广西民族大学,很多专业,2020年广西民族大学考研调剂信息接收专业需求表,/tiaoji/schooldetail/id/22983.shtml,2020-03-19
西安建筑科技大学,很多专业,2020年西安建筑科技大学考研调剂信息（含接收专业）,/tiaoji/schooldetail/id/22981.shtml,2020-03-19
湖南科技大学,机械工程、仪器科学与技术..,2020年湖南科技大学机电工程学院硕士研究生预调剂公告,/tiaoji/schooldetail/id/22979.shtml,2020-03-19
中国舰船研究院,信号与信息处理、物理、数..,中国舰船研究院扬州船用电子仪器研究所（723所）2020..,/tiaoji/schooldetail/id/22977.shtml,2020-03-19
新疆财经大学,法律（法学）硕、法律（非..,新疆财经大学2020年法律（法学）硕、法律（非法学）接..,/tiaoji/schooldetail/id/22975.shtml,2020-03-19
新疆财经大学,金融硕士（MF）、应用统计..,新疆财经大学2020年金融硕士（MF）、应用统计硕士（MA..,/tiaoji/schooldetail/id/22973.shtml,2020-03-19
新疆财经大学,新闻学、传播学 ,新疆财经大学2020年新闻学、传播学接收考研调剂生,/tiaoji/schooldetail/id/22971.shtml,2020-03-19
新疆财经大学,政治经济学、西方经济学、..,新疆财经大学2020年政治经济学、西方经济学、世界经济..,/tiaoji/schooldetail/id/22969.shtml,2020-03-19
新疆财经大学,政治经济学、西方经济学、..,新疆财经大学2020年考研调剂信息（含接收专业）,/tiaoji/schooldetail/id/22967.shtml,2020-03-19
山东师范大学,详细查看正文,山东师范大学2020年考研调剂相关说明,/tiaoji/schooldetail/id/22965.shtml,2020-03-19
安徽工业大学,详细查看正文,安徽工业大学2020年考研调剂相关说明,/tiaoji/schooldetail/id/22963.shtml,2020-03-19
南宁师范大学,信息与通信工程、职业技术..,南宁师范大学物理与电子学院2020年考研调剂信息,/tiaoji/schooldetail/id/22961.shtml,2020-03-19
南宁师范大学,体育人文社会学、体育硕士..,南宁师范大学体育与健康学院2020年考研调剂相关说明,/tiaoji/schooldetail/id/22959.shtml,2020-03-19
安徽师范大学,生态学、生物学、课程与教..,安徽师范大学生命科学学院2020年硕士研究生招生调剂信..,/tiaoji/schooldetail/id/22957.shtml,2020-03-19
广东医科大学,病理学、肿瘤学,广东医科大学2020年接收病理学、肿瘤学调剂生,/tiaoji/schooldetail/id/22955.shtml,2020-03-19
大连医科大学,医学、细胞生物学,大连医科大学肿瘤中心汪洋课题组2020年接收细胞生物学..,/tiaoji/schooldetail/id/22953.shtml,2020-03-19
安徽师范大学,音乐与舞蹈学、音乐,2020年安徽师范大学音乐学院考研调剂公告,/tiaoji/schooldetail/id/22951.shtml,2020-03-18
太原理工大学,矿物加工工程、化学工程与..,太原理工大学矿物加工工程、化学工程与技术专业2020年..,/tiaoji/schooldetail/id/22949.shtml,2020-03-18
常州大学,工学、材料物理、材料学、..,2020年常州大学材料科学与工程学院工学专业考研调剂信..,/tiaoji/schooldetail/id/22947.shtml,2020-03-18
石家庄铁道大学,工程力学,2020年石家庄铁道大学工程力学系硕士研究生调剂信息,/tiaoji/schooldetail/id/22945.shtml,2020-03-18
南昌航空大学,环境科学与工程、环境工程..,南昌航空大学环境科学专业2020年考研调剂信息,/tiaoji/schooldetail/id/22943.shtml,2020-03-18
上海工程技术大学,纺织工程,上海工程技术大学纺织工程专业2020年考研调剂信息,/tiaoji/schooldetail/id/22941.shtml,2020-03-18
太原科技大学,力学,太原科技大学力学专业2020年硕士研究生调剂信息,/tiaoji/schooldetail/id/22939.shtml,2020-03-18
太原科技大学,材料科学与工程,太原科技大学材料科学与工程专业2020年考研调剂信息,/tiaoji/schooldetail/id/22937.shtml,2020-03-18
西南医科大学,,2020年西南医科大学研究生招生调剂相关问题解答,/tiaoji/schooldetail/id/22935.shtml,2020-03-18
天津科技大学,化学工程、化学工程与技术..,天津科技大学化学工程专业2020年考研调剂信息,/tiaoji/schooldetail/id/22933.shtml,2020-03-18
青岛大学,药理学,青岛大学基础医学院医学药理学系课题组2020年考研调剂..,/tiaoji/schooldetail/id/22931.shtml,2020-03-18
华侨大学,材料科学与工程、化学、材..,2020年华侨大学材料科学与工程学院硕士研究生调剂通知,/tiaoji/schooldetail/id/22929.shtml,2020-03-17
华侨大学,化学工程与技术、环境科学..,2020年华侨大学化工学院硕士研究生调剂通知,/tiaoji/schooldetail/id/22927.shtml,2020-03-17
河南理工大学,,河南理工大学材料学院接收2020年度调剂硕士研究生公告,/tiaoji/schooldetail/id/22925.shtml,2020-03-17
湖北省社会科学院,区域经济学、产业经济学、..,湖北省社会科学院2020年硕士研究生调剂信息,/tiaoji/schooldetail/id/22923.shtml,2020-03-17
华侨大学,建筑学、城市规划,华侨大学建筑学院2020年硕士生复试分数线及调剂要求,/tiaoji/schooldetail/id/22921.shtml,2020-03-17
宁波大学,渔业,宁波大学渔业专业2020年硕士研究生调剂信息,/tiaoji/schooldetail/id/22919.shtml,2020-03-17
五邑大学,材料科学与工程、材料与化..,五邑大学材料科学与工程、材料与化工专业2020年研究生..,/tiaoji/schooldetail/id/22917.shtml,2020-03-17
长江大学,遗传学、生物化学与分子生..,长江大学遗传学、生物化学与分子生物学、农艺与种业20..,/tiaoji/schooldetail/id/22915.shtml,2020-03-17
南开大学,物理化学、凝聚态物理、材..,2020年南开大学物理化学、凝聚态物理、材料物理与化学..,/tiaoji/schooldetail/id/22913.shtml,2020-03-17
江苏科技大学,动力工程及工程热物理、轮..,江苏科技大学能源与动力学院2020年硕士研究生招生调剂..,/tiaoji/schooldetail/id/22911.shtml,2020-03-17
中共黑龙江省委党校,应用经济学、政治学、马克..,中共黑龙江省委党校2020年硕士研究生调剂信息,/tiaoji/schooldetail/id/22909.shtml,2020-03-17
华南师范大学,教育管理（教育硕士）,华南师范大学教师教育学部2020年考研调剂缺额信息,/tiaoji/schooldetail/id/22907.shtml,2020-03-17
内蒙古科技大学,钢铁冶金,内蒙古科技大学钢铁冶金专业2020年考研调剂信息,/tiaoji/schooldetail/id/22905.shtml,2020-03-17
福建农林大学,林木遗传育种、生物工程、..,福建农林大学林木遗传育种专业2020年考研调剂信息,/tiaoji/schooldetail/id/22903.shtml,2020-03-17
南昌航空大学,材料科学与工程,南昌航空大学材料学院磁性材料与器件实验室2020年考研..,/tiaoji/schooldetail/id/22901.shtml,2020-03-17
上海海事大学,,上海海事大学交通运输环境工程方向接收2020学术硕士研..,/tiaoji/schooldetail/id/22899.shtml,2020-03-17
重庆师范大学,区域经济学、金融学、产业..,重庆师范大学经济与管理学院2020年研究生招生调剂预公..,/tiaoji/schooldetail/id/22897.shtml,2020-03-16
聊城大学,化学,聊城大学山东省化学储能与新型电池技术重点实验室化学..,/tiaoji/schooldetail/id/22895.shtml,2020-03-16
中南民族大学,生物学、化学、电子信息类,中南民族大学生物医学工程学院2020年研究生调剂公告,/tiaoji/schooldetail/id/22893.shtml,2020-03-16
绵阳师范学院,资源与环境,2020年绵阳师范学院关于硕士研究生招生调剂咨询的答复,/tiaoji/schooldetail/id/22891.shtml,2020-03-16
郑州机电工程研究所,兵器发射理论与技术、火炮..,郑州机电工程研究所兵器发射理论与技术专业2020年考研..,/tiaoji/schooldetail/id/22889.shtml,2020-03-16
西南科技大学,材料科学与工程,西南科技大学材料科学与工程专业2020年考研调剂信息,/tiaoji/schooldetail/id/22887.shtml,2020-03-16
福建农林大学,环境科学,福建农林大学环境科学专业2020年考研调剂信息,/tiaoji/schooldetail/id/22885.shtml,2020-03-16
辽宁工业大学,工商管理、交通运输工程,辽宁工业大学经济学院2020年研究生调剂信息,/tiaoji/schooldetail/id/22883.shtml,2020-03-16
辽宁工业大学,详细查看正文,辽宁工业大学2020年考研调剂等相关问题说明,/tiaoji/schooldetail/id/22881.shtml,2020-03-16
浙江科技学院,数学、物理、应用统计,浙江科技学院理学院曙光大数据学院2020考研调剂信息,/tiaoji/schooldetail/id/22879.shtml,2020-03-16
中国农业科学院,生物学、农业工程、环境科..,中国农业科学院2020年研究生招生调剂相关说明,/tiaoji/schooldetail/id/22877.shtml,2020-03-16
浙江万里学院,生物与医药工程,浙江万里学院生物与医药工程2020年考研调剂信息,/tiaoji/schooldetail/id/22875.shtml,2020-03-16
南宁师范大学,无机化学、分析化学、有机..,南宁师范大学化学与材料学院2020年考研调剂复试工作咨..,/tiaoji/schooldetail/id/22873.shtml,2020-03-16
上海海事大学,船舶与海洋工程材料学,上海海事大学2020年船舶与海洋工程材料学位点硕士研究..,/tiaoji/schooldetail/id/22871.shtml,2020-03-16
上海海事大学,水利工程,上海海事大学2020年“水利工程”硕士研究生调剂公告,/tiaoji/schooldetail/id/22869.shtml,2020-03-16
北京市劳动保护科学研究所,安全科学与工程、公共卫生..,北京市劳动保护科学研究所2020年考研调剂信息,/tiaoji/schooldetail/id/22867.shtml,2020-03-14
山西农业大学,公共管理学、公共管理,山西农业大学公共管理学院2020年考研调剂信息说明,/tiaoji/schooldetail/id/22865.shtml,2020-03-14
南宁师范大学,职业技术教育,南宁师范大学物流管理与工程学院2020年考研调剂说明,/tiaoji/schooldetail/id/22863.shtml,2020-03-14
浙江财经大学,参考去年,2020年浙江财经大学硕士研究生调剂相关说明,/tiaoji/schooldetail/id/22861.shtml,2020-03-14
兰州交通大学,应用经济学、企业管理,兰州交通大学经济管理学院2020年研究生调剂信息,/tiaoji/schooldetail/id/22859.shtml,2020-03-14
浙江科技学院,各个专业,2020年浙江科技学院硕士研究生调剂答疑,/tiaoji/schooldetail/id/22857.shtml,2020-03-14
华侨大学,详细查看正文,2020年华侨大学硕士招生调剂咨询常见问题解答,/tiaoji/schooldetail/id/22855.shtml,2020-03-14
天津科技大学,详细查看正文,天津科技大学2020年硕士研究生调剂相关说明,/tiaoji/schooldetail/id/22853.shtml,2020-03-14
东北石油大学,化学工程与技术,东北石油大学化学工程与技术专业2020年考研调剂信息,/tiaoji/schooldetail/id/22851.shtml,2020-03-13
华南师范大学,微电子学与固体电子学,华南师范大学微电子学与固体电子学专业2020年考研调剂..,/tiaoji/schooldetail/id/22849.shtml,2020-03-13
重庆师范大学,有机化学、无机化学、分析..,重庆师范大学化学学院2020年硕士研究生拟调剂信息公告,/tiaoji/schooldetail/id/22847.shtml,2020-03-13
北京物资学院,法律经济学,2020年北京物资学院法律经济学研究生招生简章（复试与..,/tiaoji/schooldetail/id/22845.shtml,2020-03-13
西安工程大学,多个专业,2020年西安工程大学考研调剂拟调剂专业,/tiaoji/schooldetail/id/22843.shtml,2020-03-13
东北农业大学,工商管理MBA,2020年东北农业大学非全日制MBA预调剂申请说明,/tiaoji/schooldetail/id/22841.shtml,2020-03-13
天津科技大学,化学工程与技术、化学工程,天津科技大学化学工程专业2020年考研调剂信息,/tiaoji/schooldetail/id/22839.shtml,2020-03-13
华南师范大学,光学、光学工程,华南师范大学光学专业2020年考研调剂信息,/tiaoji/schooldetail/id/22837.shtml,2020-03-13
辽宁工程技术大学,工程力学,辽宁工程技术大学工程力学专业2020年考研调剂信息,/tiaoji/schooldetail/id/22835.shtml,2020-03-13
中国辐射防护研究院,辐射防护及环境保护、放射..,2020考研中国辐射防护研究院硕士研究生调剂信息,/tiaoji/schooldetail/id/22831.shtml,2020-03-12
华东交通大学,数学、光学工程和材料物理..,2020考研华东交通大学理学院硕士研究生调剂信息,/tiaoji/schooldetail/id/22829.shtml,2020-03-12
西安工程大学,纺织科学与工程、机械工程..,2020年西安工程大学研究生招生近期考生咨询相关问题解..,/tiaoji/schooldetail/id/22827.shtml,2020-03-12
湖北汽车工业学院,物理、光学工程、化学、材..,2020考研湖北汽车工业学院理学院调剂信息,/tiaoji/schooldetail/id/22825.shtml,2020-03-12
太原理工大学,生物力学与力学生物学、组..,2020考研太原理工大学生物医学工程学院调剂信息,/tiaoji/schooldetail/id/22823.shtml,2020-03-12
浙江科技学院,机械专硕,浙江科技学院机械与能源学院2020年接受退役士兵调剂,/tiaoji/schooldetail/id/22821.shtml,2020-03-12
浙江科技学院,各个专业,浙江科技学院机械与能源学院2020年考研调剂说明,/tiaoji/schooldetail/id/22819.shtml,2020-03-12
太原理工大学,管理科学与工程、工商管理,2020考研太原理工大学经济管理学院预调剂信息,/tiaoji/schooldetail/id/22817.shtml,2020-03-12
太原理工大学,动力工程及工程热物理、电..,2020考研太原理工大学电气与动力工程学院调剂信息,/tiaoji/schooldetail/id/22815.shtml,2020-03-12
北京第二外国语学院,调剂旅游管理硕士（MTA）..,2020考研北京第二外国语学院MTA/MBA教育中心调剂信息,/tiaoji/schooldetail/id/22813.shtml,2020-03-12
太原理工大学,市政工程（招收全日制学术..,2020考研太原理工大学环境科学与工程学院预调剂信息,/tiaoji/schooldetail/id/22811.shtml,2020-03-12
太原理工大学,光学工程、物理学、仪器科..,2020考研太原理工大学物理与光电工程学院新型传感器与..,/tiaoji/schooldetail/id/22809.shtml,2020-03-12
华南师范大学,物理学、电子通信类、生物..,2020年华南师范大学生物光子学研究院章春笋课题组招收..,/tiaoji/schooldetail/id/22807.shtml,2020-03-12
贵州大学,材料科学与工程、高分子材..,2020年贵州大学国家工程中心课题组招收高分子硕士研究..,/tiaoji/schooldetail/id/22805.shtml,2020-03-12
天津科技大学,功能高分子、高分子组装与..,2020年天津科技大学化工与材料学院材料系考研调剂信息,/tiaoji/schooldetail/id/22803.shtml,2020-03-12
上海工程技术大学,纺织科学与工程,2020年上海工程技术大学辛斌杰教授课题组学术型研究生..,/tiaoji/schooldetail/id/22801.shtml,2020-03-12
天津科技大学,化学工程与技术、化学工程..,2020年天津科技大学化工过程系统工程团队硕士研究生调..,/tiaoji/schooldetail/id/22799.shtml,2020-03-12
江西科技师范大学,电子科学与技术,2020年江西科技师范大学电子科学与技术专业考研调剂信..,/tiaoji/schooldetail/id/22797.shtml,2020-03-12
广西大学,化学、化学工程与技术、材..,2020年广西大学化学化工学院硕士研究生调剂信息,/tiaoji/schooldetail/id/22795.shtml,2020-03-12
湖北汽车工业学院,电子信息,2020年湖北汽车工业学院电气与信息工程学院考研调剂信..,/tiaoji/schooldetail/id/22793.shtml,2020-03-12
昆明医科大学,详细查看正文,2020年昆明医科大学关于考研预调剂说明,/tiaoji/schooldetail/id/22791.shtml,2020-03-12
昆明学院,详细查看正文,2020年昆明学院硕士研究生招生考试调剂工作说明,/tiaoji/schooldetail/id/22787.shtml,2020-03-12
云南中医药大学,详细查看正文,云南中医药大学2020年硕士研究生调剂说明,/tiaoji/schooldetail/id/22785.shtml,2020-03-12
北华航天工业学院,详细查看正文,北华航天工业学院2020年硕士研究生招生调剂通知,/tiaoji/schooldetail/id/22783.shtml,2020-03-12
西安科技大学,矿业工程、土木工程、资源..,2020年西安科技大学能源学院考研调剂信息,/tiaoji/schooldetail/id/22779.shtml,2020-03-12
兰州交通大学,材料科学与工程、化学,兰州交通大学材料科学与工程学院2020年硕士研究生调剂..,/tiaoji/schooldetail/id/22777.shtml,2020-03-12
中南林业科技大学,详细查看正文,中南林业科技大学2020年考研复试、调剂等招生咨询常见..,/tiaoji/schooldetail/id/22775.shtml,2020-03-12
哈尔滨理工大学,管理科学与工程、工商管理..,哈尔滨理工大学经济与管理学院2020年考研调剂信息,/tiaoji/schooldetail/id/22773.shtml,2020-03-12
上海第二工业大学,资源与环境,上海第二工业大学2020年研究生调剂信息,/tiaoji/schooldetail/id/22771.shtml,2020-03-12
上海工程技术大学,多个专业,上海工程技术大学2020年硕士研究生招生调剂信息,/tiaoji/schooldetail/id/22769.shtml,2020-03-12
广东医科大学,病理学、肿瘤学、临床医学,广东医科大学病理学科2020年硕士研究生调剂信息,/tiaoji/schooldetail/id/22767.shtml,2020-03-12
北京石油化工学院,,北京石油化工学院2020年硕士研究生招生接受调剂公告,/tiaoji/schooldetail/id/22765.shtml,2020-03-11
上海大学,MPAcc,上海大学管理学院2020年非全日制MPAcc项目接受调剂志..,/tiaoji/schooldetail/id/22763.shtml,2020-03-11
吉林大学,临床医学,吉林大学中日联谊医院整形外科临床医学2002年考研调剂..,/tiaoji/schooldetail/id/22761.shtml,2020-03-11
南方科技大学,材料与化工,南方科技大学创新创业学院材料与化工2020年研究生调剂..,/tiaoji/schooldetail/id/22759.shtml,2020-03-11
贵州大学,高分子材料,贵州大学材料科学与工程2020年研究生调剂信息,/tiaoji/schooldetail/id/22757.shtml,2020-03-11
山东财经大学,汉语国际教育(专业学位),山东财经大学汉语国际教育专业硕士2020年预调剂申请通..,/tiaoji/schooldetail/id/22755.shtml,2020-03-11
东北石油大学,详细查看正文,2020年东北石油大学硕士招生考试预调剂信息公告,/tiaoji/schooldetail/id/22753.shtml,2020-03-11
广东财经大学,旅游管理,广东财经大学旅游管理学术型2020年硕士调剂招生公告,/tiaoji/schooldetail/id/22751.shtml,2020-03-11
辽宁石油化工大学,化学（有机化学、物理化学..,辽宁石油化工大学化学、化学工程与技术2020年考研调剂..,/tiaoji/schooldetail/id/22749.shtml,2020-03-11
辽宁石油化工大学,化学(有机化学、物理化学..,2020年辽宁石油化工大学应用化学专业研究生调剂信息,/tiaoji/schooldetail/id/22747.shtml,2020-03-11
中共广东省委党校,马克思主义哲学、伦理学、..,中共广东省委党校2020年硕士研究生招生调剂信息,/tiaoji/schooldetail/id/22745.shtml,2020-03-11
天津职业技术师范大学,工学->材料科学与工程-..,2020年天津职业技术师范大学材料加工工程专业考研调剂..,/tiaoji/schooldetail/id/22743.shtml,2020-03-11
东北电力大学,土木工程,东北电力大学建筑工程学院土木工程专业2020考研预调剂..,/tiaoji/schooldetail/id/22741.shtml,2020-03-10
西安科技大学,化学工程与技术、矿业工程..,西安科技大学化学与化工学院2020年考研预调剂咨询公告,/tiaoji/schooldetail/id/22739.shtml,2020-03-10
青岛科技大学,详细查看正文,青岛科技大学2020年考研调剂工作各学院联系方式,/tiaoji/schooldetail/id/22737.shtml,2020-03-10
北京林业大学,详细查看正文,北京林业大学林学院2020年关于考研调剂的说明,/tiaoji/schooldetail/id/22735.shtml,2020-03-10
广西民族大学,生物化学与分子生物学,广西民族大学生物化学与分子生物学2020年硕士研究生预..,/tiaoji/schooldetail/id/22733.shtml,2020-03-10
天津科技大学,海洋科学、环境工程/科学..,天津科技大学孙军教授团队2020年研究生调剂信息,/tiaoji/schooldetail/id/22731.shtml,2020-03-10
浙江科技学院,信息与通信工程、计算机科..,浙江科技学院信息与电子工程学院2020年研究生调剂信息,/tiaoji/schooldetail/id/22729.shtml,2020-03-10
华南师范大学,物理学、物理化学、高分子..,2020年华南师范大学国家特聘专家周国富教授团队考研调..,/tiaoji/schooldetail/id/22727.shtml,2020-03-10
天津科技大学,化学工程与技术、化学工程..,天津科技大学化工与材料学院工业结晶与颗粒过程研究室..,/tiaoji/schooldetail/id/22725.shtml,2020-03-10
广西大学,海洋科学、海洋地质,广西大学海洋学院2020年研究生调剂信息,/tiaoji/schooldetail/id/22723.shtml,2020-03-10
合肥学院,材料科学与工程,合肥学院材料化工相关专业2020年研究生调剂信息,/tiaoji/schooldetail/id/22721.shtml,2020-03-10
福建农林大学,植物保护、农业昆虫与害虫..,福建农林大学国家重点实验室和应用生态研究所团队2020..,/tiaoji/schooldetail/id/22719.shtml,2020-03-10
燕山大学,材料学、材料与化工,燕山大学邹老师课题组2020年研究生调剂信息,/tiaoji/schooldetail/id/22717.shtml,2020-03-10
西安工业大学,化学工程与技术、材料与化..,西安工业大学化学工程与技术、材料与化工2020年研究生..,/tiaoji/schooldetail/id/22715.shtml,2020-03-10
陕西科技大学,应用化学、轻工技术与工程,2020年陕西科技大学吕生华教授课题组考研调剂信息,/tiaoji/schooldetail/id/22711.shtml,2020-03-10
宜春学院,医学,2020年宜春学院药学专业研究生调剂信息,/tiaoji/schooldetail/id/22709.shtml,2020-03-10
青岛大学,材料科学与工程、材料学,2020年青岛大学物理科学学院功能材料课题组考研调剂信..,/tiaoji/schooldetail/id/22707.shtml,2020-03-10
燕山大学,化学工程与技术、化学,2020年燕山大学邵光杰教授课题组研究生调剂信息,/tiaoji/schooldetail/id/22705.shtml,2020-03-10
浙江科技学院,机械工程,2020年浙江科技学院机械工程专硕研究生调剂信息,/tiaoji/schooldetail/id/22703.shtml,2020-03-10
五邑大学,材料科学与工程、材料与化..,2020年五邑大学应用物理与材料学院研究生调剂信息,/tiaoji/schooldetail/id/22701.shtml,2020-03-10
苏州科技大学,材料科学与工程、材料物理..,2020年苏州科技大学材料科学与器件研究院研究生调剂信..,/tiaoji/schooldetail/id/22699.shtml,2020-03-10
江苏科技大学,化学、化学工程与技术、材..,2020年江苏科技大学环境与化学工程学院研究生调剂信息,/tiaoji/schooldetail/id/22697.shtml,2020-03-10
中国空间技术研究院（航天五院）,电磁测量、仪器仪表、物理..,2020年中国空间技术研究院（航天五院）考研调剂信息,/tiaoji/schooldetail/id/22695.shtml,2020-03-10
海南大学,材料科学与工程->材料..,2020年海南大学材料学专业研究生调剂信息,/tiaoji/schooldetail/id/22693.shtml,2020-03-10
黑龙江科技大学,社会工作硕士,2020年黑龙江科技大学人文社会科学学院研究生预调剂信..,/tiaoji/schooldetail/id/22691.shtml,2020-03-09
南宁师范大学,详细查看正文,南宁师范大学马克思主义学院2020年考研调剂咨询公告,/tiaoji/schooldetail/id/22689.shtml,2020-03-09
上海大学,详细查看正文,上海大学力学与工程科学学院2020年硕士研究生调剂信息,/tiaoji/schooldetail/id/22687.shtml,2020-03-09
西安科技大学,管理科学与工程、工商管理..,西安科技大学管理学院2020年硕士研究生预调剂信息,/tiaoji/schooldetail/id/22685.shtml,2020-03-09
南宁师范大学,社会学、社会工作,南宁师范大学法学与社会学院2020年考研调剂工作安排公..,/tiaoji/schooldetail/id/22683.shtml,2020-03-09
南宁师范大学,体育人文社会学、体育硕士..,南宁师范大学体育与健康学院2020年考研调剂工作咨询公..,/tiaoji/schooldetail/id/22681.shtml,2020-03-09
南宁师范大学,详细查看正文,南宁师范大学职业技术教育学院2020年考研调剂工作咨询..,/tiaoji/schooldetail/id/22679.shtml,2020-03-09
东北石油大学,地质资源与地质工程->..,2020年东北石油大学非常规油气研究院赵小青老师课题组..,/tiaoji/schooldetail/id/22677.shtml,2020-03-09
广西民族大学,多个专业,广西民族大学2020年硕士研究生招生考试复试调剂信息,/tiaoji/schooldetail/id/22675.shtml,2020-03-09
南宁师范大学,多个专业,南宁师范大学2020年硕士研究生招生调剂信息,/tiaoji/schooldetail/id/22673.shtml,2020-03-09
广西大学,哲学、应用经济学、马克思..,2020年广西大学考研复试调剂公告,/tiaoji/schooldetail/id/22671.shtml,2020-03-09
中国一航北京长城计量测试技术研究所,光学、机械、机电、力学、..,北京长城计量测试技术研究所2020年硕士招生调剂要求,/tiaoji/schooldetail/id/22661.shtml,2020-03-09
中钢集团马鞍山矿山研究院,采矿工程、矿物加工工程、..,中钢集团马鞍山矿山研究院2020年硕士招生调剂信息,/tiaoji/schooldetail/id/22659.shtml,2020-03-09
哈尔滨工程大学,化学工程与技术,2020年哈尔滨工程大学化学工程与技术专业考研调剂信息,/tiaoji/schooldetail/id/22655.shtml,2020-03-09
太原理工大学,光学工程,2020年太原理工大学光学工程业研究生调剂信息,/tiaoji/schooldetail/id/22653.shtml,2020-03-09
西安工程大学,化学工程与技术\\材料与化..,2020年西安工程大学化学工程与技术专业考研调剂信息,/tiaoji/schooldetail/id/22651.shtml,2020-03-09
长春工业大学,化学工程,2020年长春工业大学化学工程专业考研调剂信息,/tiaoji/schooldetail/id/22649.shtml,2020-03-09
太原理工大学,安全科学与工程、矿业工程..,2020年太原理工大学安全与应急管理工程学院考研调剂信..,/tiaoji/schooldetail/id/22643.shtml,2020-03-06
西安科技大学,材料,2020年西安科技大学材料科学与工程学院考研预调剂信息,/tiaoji/schooldetail/id/22641.shtml,2020-03-06
东北林业大学,交通运输工程、交通运输、..,2020年东北林业大学交通学院硕士研究生招生预调剂信息,/tiaoji/schooldetail/id/22639.shtml,2020-03-06
天津科技大学,化学工程与技术、化学工程..,2020年天津科技大学化工与材料学院工业结晶与颗粒过程..,/tiaoji/schooldetail/id/22637.shtml,2020-03-06
厦门大学,转化医学,2020年厦门大学医学专业考研调剂信息,/tiaoji/schooldetail/id/22635.shtml,2020-03-06
内蒙古科技大学,冶金工程、治金物理化学,2020年内蒙古科技大学治金物理化学专业考研调剂信息,/tiaoji/schooldetail/id/22633.shtml,2020-03-06
江西理工大学,环境科学与工程、环境科学,2020年江西理工大学环境科学与工程、环境科学专业考研..,/tiaoji/schooldetail/id/22631.shtml,2020-03-06
杭州应用声学研究所,水声工程、光学工程,2020年杭州应用声学研究所硕士研究生调剂信息说明,/tiaoji/schooldetail/id/22629.shtml,2020-03-06
中国日用化学工业研究院,应用化学、工业催化,2020年中国日用化学工业研究院硕士研究生招生调剂信息,/tiaoji/schooldetail/id/22627.shtml,2020-03-06
杭州应用声学研究所,水声工程、光学工程,2020年杭州应用声学研究所硕士研究生调剂说明,/tiaoji/schooldetail/id/22625.shtml,2020-03-06
中国一航北京长城计量测试技术研究所,详见专业目录,北京长城计量测试技术研究所2020年硕士招生调剂要求,/tiaoji/schooldetail/id/22623.shtml,2020-03-06
湖南科技大学,机械工程,2020年湖南科技大学机械工程专业研究生调剂信息,/tiaoji/schooldetail/id/22621.shtml,2020-03-06
齐鲁工业大学,工学,2020年齐鲁工业大学工学专业研究生调剂信息,/tiaoji/schooldetail/id/22619.shtml,2020-03-06
重庆科技学院,材料科学与工程,2020年重庆科技学院材料科学与工程专业研究生调剂信息,/tiaoji/schooldetail/id/22617.shtml,2020-03-06
聊城大学,理学->化学,2020年聊城大学化学专业研究生调剂信息,/tiaoji/schooldetail/id/22615.shtml,2020-03-06
哈尔滨商业大学,财政学、劳动经济学、税务..,2020年哈尔滨商业大学财政与公共管理学院预调剂信息公..,/tiaoji/schooldetail/id/22613.shtml,2020-03-05
南宁师范大学,学科教学（数学）、概率论..,南宁师范大学数学与统计学院2020年考研调剂说明,/tiaoji/schooldetail/id/22609.shtml,2020-03-05
湖南科技大学,材料科学与工程,湖南科技大学材料科学与工程学院2020年考研调剂信息,/tiaoji/schooldetail/id/22607.shtml,2020-03-05
长沙矿冶研究院,材料学、有色金属冶金、采..,2020年度长沙矿冶研究院硕士研究生调剂信息公告,/tiaoji/schooldetail/id/22605.shtml,2020-03-05
重庆科技学院,材料科学与工程,2020年重庆科技学院材料科学与工程专业研究生调剂信息,/tiaoji/schooldetail/id/22603.shtml,2020-03-05
北京信息科技大学,测试计量技术及仪器,2020年北京信息科技大学测试计量技术及仪器专业考研调..,/tiaoji/schooldetail/id/22601.shtml,2020-03-05
东北石油大学,土木工程、动力工程及工程..,2020年东北石油大学土木工程专业研究生调剂信息,/tiaoji/schooldetail/id/22599.shtml,2020-03-05
福建农林大学,植物生理生态、植物营养遗..,2020年福建农林大学植物生理生态专业考研调剂信息,/tiaoji/schooldetail/id/22597.shtml,2020-03-05
五邑大学,纺织科学与工程->纺织..,2020年五邑大学纺织工程专业考研调剂信息,/tiaoji/schooldetail/id/22595.shtml,2020-03-05
桂林理工大学,详细查看正文,桂林理工大学材料科学与工程学院2020年考研调剂信息,/tiaoji/schooldetail/id/22593.shtml,2020-03-05
郑州烟草研究院,食品科学,郑州烟草研究院2020年硕士研究生招生调剂信息,/tiaoji/schooldetail/id/22591.shtml,2020-03-04
燕山大学,环境科学与工程、化学工程,2020年燕山大学环境科学与工程专业考研调剂信息,/tiaoji/schooldetail/id/22589.shtml,2020-03-04
海南大学,水产养殖,2020年海南大学水产养殖专业研究生调剂信息,/tiaoji/schooldetail/id/22587.shtml,2020-03-04
浙江理工大学,物理学->凝聚态物理,2020年浙江理工大学凝聚态物理专业研究生调剂信息,/tiaoji/schooldetail/id/22585.shtml,2020-03-04
南昌航空大学,工学->仪器科学与技术,2020年南昌航空大学仪器科学与技术专业考研调剂信息,/tiaoji/schooldetail/id/22583.shtml,2020-03-04
上海师范大学,天体物理,2020年上海师范大学数理学院天体物理方向考研调剂信息,/tiaoji/schooldetail/id/22581.shtml,2020-03-04
上海师范大学,数学课程与教学论,2020年上海师范大学数学课程与教学论方向考研调剂信息,/tiaoji/schooldetail/id/22579.shtml,2020-03-04
东北石油大学,理学->化学；工学->..,2020年东北石油大学化学专业考研调剂信息,/tiaoji/schooldetail/id/22577.shtml,2020-03-04
天津职业技术师范大学,工学->机械工程->机..,2020年天津职业技术师范大学机械电子工程专业考研调剂..,/tiaoji/schooldetail/id/22575.shtml,2020-03-04
长春工业大学,工学->材料科学与工程-..,2020年长春工业大学材料学专业研究生调剂信息,/tiaoji/schooldetail/id/22573.shtml,2020-03-04
重庆三峡学院,工学->信息与通信工程,2020年重庆三峡学院电子与信息工程学院考研调剂信息,/tiaoji/schooldetail/id/22569.shtml,2020-03-04
郑州机电工程研究所,火炮、自动武器与弹药工程..,郑州机电工程研究所2020年硕士研究生招生预调剂公告,/tiaoji/schooldetail/id/22567.shtml,2020-03-04
辽宁工程技术大学,经济学->应用经济学-&g..,2020年辽宁工程技术大学产业经济学专业考研调剂信息,/tiaoji/schooldetail/id/22565.shtml,2020-03-03
齐鲁工业大学,工学->轻工技术与工程,2020年齐鲁工业大学轻工技术与工程专业考研调剂信息,/tiaoji/schooldetail/id/22563.shtml,2020-03-03
天津科技大学,化工，化学，材料类专业,2020年天津科技大学材料学专业考研调剂信息,/tiaoji/schooldetail/id/22561.shtml,2020-03-03
重庆科技学院,工学->材料科学与工程,2020年重庆科技学院材料科学与工程专业考研调剂信息,/tiaoji/schooldetail/id/22559.shtml,2020-03-03
哈尔滨工程大学,工学->化学工程与技术..,2020年哈尔滨工程大学化学工程与技术专业考研调剂信息,/tiaoji/schooldetail/id/22557.shtml,2020-03-03
安徽师范大学,生态学、生物学、课程与教..,安徽师范大学生命科学学院2020年硕士研究生调剂信息,/tiaoji/schooldetail/id/22555.shtml,2020-03-03
安徽师范大学,课程与教学论、中国史、世..,安徽师范大学历史与社会学院2020年硕士研究生招生调剂..,/tiaoji/schooldetail/id/22553.shtml,2020-03-03
安徽师范大学,环境科学与工程、职业技术..,安徽师范大学环境科学与工程学院2020年硕士研究生调剂..,/tiaoji/schooldetail/id/22551.shtml,2020-03-03
中国辐射防护研究院,,2020年中国辐射防护研究院硕士研究生调剂信息,/tiaoji/schooldetail/id/22549.shtml,2020-03-03
西安电子工程研究所（206所）,武器系统与运用工程,西安电子工程研究所（206所）2020年公费调剂信息,/tiaoji/schooldetail/id/22547.shtml,2020-03-03
广西师范大学,详细查看正文,2020年广西师范大学硕士研究生招生复试、调剂常见问题..,/tiaoji/schooldetail/id/22545.shtml,2020-03-03
长春工业大学,详细查看正文,2020年长春工业大学各研究生培养单位调剂工作联系人信..,/tiaoji/schooldetail/id/22543.shtml,2020-03-03
辽宁石油化工大学,详细查看正文,2020年辽宁石油化工大学关于我校研究生招生预调剂报名..,/tiaoji/schooldetail/id/22541.shtml,2020-03-03
西安理工大学,详细查看正文,2020年西安理工大学谨防以复试调剂服务为名的诈骗预警..,/tiaoji/schooldetail/id/22539.shtml,2020-03-03
中共湖南省委党校,马克思主义哲学、政治经济..,2020年中共湖南省委党校硕士研究生招生调剂信息(学术..,/tiaoji/schooldetail/id/22535.shtml,2020-03-02
山东工商学院,管理科学与工程,2020年山东工商学院管理科学与工程学院研究生招生调剂..,/tiaoji/schooldetail/id/22533.shtml,2020-03-02
安徽师范大学,工商管理、理论经济学,安徽师范大学经济管理学院接收2020年硕士调剂预报名通..,/tiaoji/schooldetail/id/22531.shtml,2020-03-02
太原理工大学,纺织科学与工程,太原理工大学轻纺工程学院2020年考研调剂信息,/tiaoji/schooldetail/id/22529.shtml,2020-03-02
天津职业技术师范大学,机械工程、机械制造及其自..,天职师大汽车模具智能制造技术国家地方联合工程实验室..,/tiaoji/schooldetail/id/22527.shtml,2020-03-02
华南师范大学,凝聚态物理、光学、光学工..,2020年华南师范大学凝聚态物理考研调剂信息,/tiaoji/schooldetail/id/22525.shtml,2020-03-02
广西大学,轻工技术与工程、材料与化..,2020年广西大学轻工与食品工程学院研究生调剂信息,/tiaoji/schooldetail/id/22523.shtml,2020-03-02
上海海事大学,环境与资源保护法学、工商..,2020年上海海事大学接收调剂硕士生专业及联系方式,/tiaoji/schooldetail/id/22521.shtml,2020-03-02
广西科技大学,多种专业,广西科技大学2020年硕士研究生调剂信息公告,/tiaoji/schooldetail/id/22519.shtml,2020-03-02
南昌航空大学,测试计量技术及仪器,南昌航空大学测试计量技术及仪器专业2020年考研调剂信..,/tiaoji/schooldetail/id/22517.shtml,2020-03-01
北京石油化工学院,化学工程与技术、材料科学..,2020年北京石油化工学院化学工程与技术专业考研调剂信..,/tiaoji/schooldetail/id/22515.shtml,2020-03-01
福建工程学院,材料科学与工程、机械工程,2020年福建工程学院高分子材料科研团队考研调剂信息,/tiaoji/schooldetail/id/22513.shtml,2020-03-01
重庆科技学院,材料工程,2020年重庆科技学院材料工程专业研究生调剂信息,/tiaoji/schooldetail/id/22511.shtml,2020-03-01
石油化工科学研究院,详细查看正文,2020年中国石化石油化工科学研究院硕士研究生招生调剂..,/tiaoji/schooldetail/id/22509.shtml,2020-03-01
上海船舶设备研究所,机械电子工程、控制理论与..,上海船舶设备研究所2020年全日制硕士研究生调剂复试前..,/tiaoji/schooldetail/id/22507.shtml,2020-03-01
上海船舶设备研究所,机械电子工程、控制理论与..,2020年上海船舶设备研究所考研调剂专业信息及要求,/tiaoji/schooldetail/id/22505.shtml,2020-02-29
昆明医科大学,详细查看正文,2020年昆明医科大学关于硕士研究生招生有关工作的再次..,/tiaoji/schooldetail/id/22503.shtml,2020-02-29
西南林业大学,详细查看正文,2020年西南林业大学关于硕士研究生招生调剂工作的说明,/tiaoji/schooldetail/id/22501.shtml,2020-02-29
杭州师范大学,详细查看正文,2020年杭州师范大学医学院整合药学院谢恬教授团队硕博..,/tiaoji/schooldetail/id/22499.shtml,2020-02-29
湖南科技大学,详细查看正文,2020年湖南科技大学硕士研究生招生预调剂信息,/tiaoji/schooldetail/id/22495.shtml,2020-02-28
中科院成都有机化学研究所,应用化学、材料与化工、高..,中国科学院成都有机化学研究所2020年硕士招生预调剂信..,/tiaoji/schooldetail/id/22493.shtml,2020-02-28
重庆师范大学,物理学、光学工程,重庆师范大学物理与电子工程学院2020年考研调剂信息,/tiaoji/schooldetail/id/22491.shtml,2020-02-28
五邑大学,微生物与生化药学,2020年五邑大学微生物与生化药学专业研究生调剂信息,/tiaoji/schooldetail/id/22489.shtml,2020-02-28
青岛科技大学,化学,青岛科技大学2020年考研调剂信息：胡志强教授团队,/tiaoji/schooldetail/id/22487.shtml,2020-02-28
青岛大学,物理学、材料科学与工程、..,青岛大学工学、理学专业2020年考研调剂信息,/tiaoji/schooldetail/id/22485.shtml,2020-02-28
天津科技大学,化学工程与技术->化学..,天津科技大学化学工程专业2020年考研调剂信息,/tiaoji/schooldetail/id/22483.shtml,2020-02-28
上海电力学院,详细查看正文,上海电力大学2020年硕士研究生招生工作复试调剂延后通..,/tiaoji/schooldetail/id/22481.shtml,2020-02-28
北京矿冶研究总院,机械设计及理论、材料学、..,2020年北京矿冶研究总院硕士研究生招生缺额调剂信息,/tiaoji/schooldetail/id/22479.shtml,2020-02-27
郑州烟草研究院,食品科学,2020年郑州烟草研究院硕士研究生招生调剂信息,/tiaoji/schooldetail/id/22477.shtml,2020-02-27
中共浙江省委党校,哲学、理论经济学、政治学..,2020年中共浙江省委党校硕士研究生招生调剂信息,/tiaoji/schooldetail/id/22475.shtml,2020-02-27
中国航天科工集团第三研究院,通信与信息系统、系统工程..,2020年中国航天科工集团第三研究院（航天三院）考研调..,/tiaoji/schooldetail/id/22473.shtml,2020-02-27
武汉船舶通信研究所,通信与信息系统、信号与信..,2020级武汉船舶通信研究所硕士研究生调剂信息,/tiaoji/schooldetail/id/22471.shtml,2020-02-27
西安近代化学研究所（204所）,应用化学、工程力学、材料..,2020年西安近代化学研究所（204所）考研调剂信息,/tiaoji/schooldetail/id/22469.shtml,2020-02-27
中钢集团马鞍山矿山研究院,采矿工程、矿物加工工程、..,2020年中钢集团马鞍山矿山研究院考研预调剂公告,/tiaoji/schooldetail/id/22467.shtml,2020-02-27
淮阴工学院,材料与化工,2020年淮阴工学院硕士专业学位研究生调剂信息,/tiaoji/schooldetail/id/22465.shtml,2020-02-27
东北农业大学,应用化学、轻工技术与工程,2020年东北农业大学应用化学专业学硕和轻工技术与工程..,/tiaoji/schooldetail/id/22463.shtml,2020-02-26
北京石油化工学院,材料科学与工程,北京石油化工学院航天材料料（环境材料）研究研中心团..,/tiaoji/schooldetail/id/22461.shtml,2020-02-26
重庆理工大学,理工科,重庆理工大学重庆知识产权学院开通2020年考研调剂信息,/tiaoji/schooldetail/id/22459.shtml,2020-02-26
蚌埠医学院,很多专业,2020年蚌埠医学院硕士研究生招生预调剂信息,/tiaoji/schooldetail/id/22455.shtml,2020-02-25
安徽财经大学,多个专业,2020年安徽财经大学硕士研究生招生预调剂公告,/tiaoji/schooldetail/id/22453.shtml,2020-02-25
北京石油化工学院,机械工程、材料科学与工程..,2020年北京石油化工学院硕士研究生招生接受调剂公告,/tiaoji/schooldetail/id/22451.shtml,2020-02-25
上海师范大学,微电子、材料学、化学等,2020年上海师范大学物理系考研调剂信息,/tiaoji/schooldetail/id/22449.shtml,2020-02-25
汕头大学,计算机科学技术、网络相关..,2020年汕头大学“计算机系”考研调剂信息,/tiaoji/schooldetail/id/22445.shtml,2020-02-25
长江大学,多个专业,2020年长江大学地物学院硕士研究生调剂信息公告,/tiaoji/schooldetail/id/22441.shtml,2020-02-25
西安工业大学,多个专业,2020年西安工业大学硕士研究生预调剂公告,/tiaoji/schooldetail/id/22439.shtml,2020-02-25
中科院云南天文台,天体物理、天体测量与天体..,2020年中科院云南天文台硕士研究生调剂公告,/tiaoji/schooldetail/id/22435.shtml,2020-02-25
湖南农业大学,农林经济管理,2020年湖南农业大学经济学院硕士研究生接收调剂生通知,/tiaoji/schooldetail/id/22433.shtml,2020-02-25
华北科技学院,资源与环境,2020年华北科技学院接收全日制专业学位硕士研究生预调..,/tiaoji/schooldetail/id/22431.shtml,2020-02-25
中科院福建物质结构研究所,材料物理与化学、物理化学..,2020年中科院福建物质结构研究所与高校联合招收硕士生,/tiaoji/schooldetail/id/22429.shtml,2020-02-25
天津科技大学,化学工程与技术（081700）..,2020年天津科技大学化工与材料学院接收硕士研究生调剂..,/tiaoji/schooldetail/id/22427.shtml,2020-02-25
广西科技大学,力学、机械工程、机械、控..,2020年广西科技大学硕士研究生调剂信息公告,/tiaoji/schooldetail/id/22425.shtml,2020-02-25
河北工程大学,多个专业,2020年河北工程大学接收调剂硕士生预告,/tiaoji/schooldetail/id/22423.shtml,2020-02-25
青岛大学,理论经济、应用经济学、金..,2020年青岛大学经济学院硕士研究生招生预调剂通知,/tiaoji/schooldetail/id/22421.shtml,2020-02-25
长春工业大学,,2020年长春工业大学硕士研究生招生预调剂公告,/tiaoji/schooldetail/id/22419.shtml,2020-02-25
安徽理工大学,多个专业,2020年安徽理工大学硕士研究生招生调剂信息,/tiaoji/schooldetail/id/22417.shtml,2020-02-25
天津工业大学,多个专业,2020年天津工业大学考研调剂工作相关事宜的通知,/tiaoji/schooldetail/id/22415.shtml,2020-02-25
青岛大学,物理学、应用物理学、光电..,2020年青岛大学物理科学学院研究生招生调剂信息,/tiaoji/schooldetail/id/22413.shtml,2020-02-25
厦门理工学院,机械工程、管理科学与工程..,2020年厦门理工学院硕士研究生招生预调剂通知,/tiaoji/schooldetail/id/22411.shtml,2020-02-25
安徽工业大学,多个专业,2020年安徽工业大学硕士研究生招生预调剂公告,/tiaoji/schooldetail/id/22409.shtml,2020-02-25
上海工程技术大学,多种专业,2020年上海工程技术大学硕士研究生招生调剂公告,/tiaoji/schooldetail/id/22407.shtml,2020-02-25
华北理工大学,材料科学与工程、材料与化..,2020年华北理工大学硕士研究生生源预调剂信息公告,/tiaoji/schooldetail/id/22405.shtml,2020-02-25
景德镇陶瓷大学,材料物理化学、材料与化学..,2020年景德镇陶瓷大学拟接收硕士研究生调剂公告,/tiaoji/schooldetail/id/22403.shtml,2020-02-25
西南石油大学,地球科学与技术学院、MBA..,2020年西南石油大学地球科学与技术学院硕士研究生调剂..,/tiaoji/schooldetail/id/22401.shtml,2020-02-24
山东非金属材料研究所,材料学,2020年山东非金属材料研究所（53所）研究生调剂信息,/tiaoji/schooldetail/id/22399.shtml,2020-02-24
中科院新疆理化技术研究所,材料与化工、材料物理与化..,2020年中国科学院新疆理化技术所硕士研究生预调剂通知,/tiaoji/schooldetail/id/22397.shtml,2020-02-24
北京工商大学,国际法商英语,2020年北京工商大学外国语学院拟接收研究生调剂通知,/tiaoji/schooldetail/id/22395.shtml,2020-02-24
长江大学,地球化学、水利工程、矿产..,2020年长江大学资源与环境学院硕士研究生预调剂公告,/tiaoji/schooldetail/id/22393.shtml,2020-02-24
湖南农业大学,企业管理、会计学、技术经..,2020年湖南农业大学商学院关于硕士研究生调剂的通知,/tiaoji/schooldetail/id/22391.shtml,2020-02-24
天津城建大学,应用经济学、化学、材料科..,2020年天津城建大学硕士研究生预调剂公告,/tiaoji/schooldetail/id/22389.shtml,2020-02-24
青岛大学,旅游管理、学科教学（地理..,2020年青岛大学旅游与地理科学学院研究生招生预调剂通..,/tiaoji/schooldetail/id/22387.shtml,2020-02-24
上海师范大学,金融数据分析、金融机构管..,2020年上海师范大学金融硕士(MF)调剂信息,/tiaoji/schooldetail/id/22385.shtml,2020-02-24
北京工商大学,国际法学、法律（法学）,2020年北京工商大学法学院拟接收研究生调剂通知,/tiaoji/schooldetail/id/22383.shtml,2020-02-24
北京工商大学,理论经济学、资产评估、财..,2020年北京工商大学经济学院硕士研究生预调剂报名通知,/tiaoji/schooldetail/id/22381.shtml,2020-02-24
北京工商大学,控制理论与控制工程、计算..,2020年北京工商大学计算机与信息工程学院硕士研究生招..,/tiaoji/schooldetail/id/22379.shtml,2020-02-24
北京工商大学,生物与医药,2020年北京工商大学食品与健康学院硕士研究生预调剂报..,/tiaoji/schooldetail/id/22377.shtml,2020-02-24
哈尔滨工程大学,信息与通信工程（学硕）、..,2020年哈尔滨工程大学信通学院考研调剂信息,/tiaoji/schooldetail/id/22373.shtml,2020-02-24
东北石油大学,理学->化学、化学工程..,2020年东北石油大学化学工程与技术专业考研调剂信息,/tiaoji/schooldetail/id/22369.shtml,2020-02-24
上海电力学院,物理学、电子信息、可再生..,2020年上海电力大学物理学专业考研调剂信息,/tiaoji/schooldetail/id/22367.shtml,2020-02-24
燕山大学,检测技术与自动化装置、电..,2020年燕山大学电气工程学院“智能光学传感”课题组考..,/tiaoji/schooldetail/id/22365.shtml,2020-02-24
内蒙古工业大学,化学工程与技术->化学..,2020年内蒙古工业大学竺宁老师化学工程专业考研调剂信..,/tiaoji/schooldetail/id/22363.shtml,2020-02-24
华北理工大学,化学工程与技术->化学..,2020年华北理工大学化学工程专业考研调剂信息,/tiaoji/schooldetail/id/22361.shtml,2020-02-24
石家庄铁道大学,材料,2020年石家庄铁道大学材料学院考研调剂信息,/tiaoji/schooldetail/id/22359.shtml,2020-02-24
南昌航空大学,环境科学与工程、应用化学..,2020年南昌航空大学环境科学与工程专业考研调剂信息,/tiaoji/schooldetail/id/22357.shtml,2020-02-24
广东工业大学,基础医学->病理学与病..,2020年广东工业大学病理学与病理生理学专业考研调剂信..,/tiaoji/schooldetail/id/22355.shtml,2020-02-24
天津科技大学,化学工程、化学工艺、工业..,2020年天津科技大学化工学院能源、环境催化及油田化学..,/tiaoji/schooldetail/id/22353.shtml,2020-02-24
福建农林大学,生物质能源与材料专业、化..,2020年福建农林大学化学工程与技术专业考研调剂信息,/tiaoji/schooldetail/id/22351.shtml,2020-02-24
中国民用航空飞行学院,详细查看正文,2020年中国民用航空飞行学院考研调剂信息,/tiaoji/schooldetail/id/22349.shtml,2020-02-24
燕山大学,检测技术与自动化装置、电..,2020年燕山大学电气工程学院韩立强老师电类相关专业硕..,/tiaoji/schooldetail/id/22343.shtml,2020-02-24
湖州师范学院,很多专业,2020年湖州师范学院硕士研究生预调剂信息,/tiaoji/schooldetail/id/22341.shtml,2020-02-23
北京工商大学,材料物理与化学、化学工艺..,2020年北京工商大学理学院硕士研究生拟接受调剂通知,/tiaoji/schooldetail/id/22339.shtml,2020-02-23
北京工商大学,机械工程、材料科学与工程..,2020年北京工商大学材料与机械工程学院考研调剂信息,/tiaoji/schooldetail/id/22337.shtml,2020-02-23
北京工商大学,会计、MPAcc,2020年北京工商大学商学院拟接收研究生调剂信息,/tiaoji/schooldetail/id/22335.shtml,2020-02-23
福建农林大学,工学->生物工程,2020年福建农林大学联合培养生物工程专业考研调剂信息,/tiaoji/schooldetail/id/22211.shtml,2020-02-22
长春工业大学,工学->机械工程,2020年长春工业大学机械工程专业研究生调剂信息,/tiaoji/schooldetail/id/22209.shtml,2020-02-22
福建农林大学,化学、化工、材料、能源、..,2020年福建农林大学倪永浩教授课题组考研调剂信息,/tiaoji/schooldetail/id/22207.shtml,2020-02-22
哈尔滨工程大学,电子、通信、控制等相关专..,2020年哈尔滨工程大学智慧海洋电磁学团队研究生调剂信..,/tiaoji/schooldetail/id/22205.shtml,2020-02-22
辽宁石油化工大学,工学->化学工程与技术-..,2020年辽宁石油化工大学考研调剂信息,/tiaoji/schooldetail/id/22203.shtml,2020-02-22
北京石油化工学院,机械工程 、化学工程、环..,2020年北京石油化工学院环保多相流高效分离技术与设备..,/tiaoji/schooldetail/id/22201.shtml,2020-02-22
河南理工大学,材料科学与工程、材料工程,2020年河南理工大学物理与电子信息学院余伟阳科研团队..,/tiaoji/schooldetail/id/22199.shtml,2020-02-22
燕山大学,控制科学与工程、仪器科学..,2020年燕山大学电气工程学院“智能信息处理”课题组研..,/tiaoji/schooldetail/id/22197.shtml,2020-02-22
南京工业大学,工学、材料科学与工程、材..,2020年南京工业大学研究生调剂信息,/tiaoji/schooldetail/id/22195.shtml,2020-02-22
山东大学,海洋科学下设的生态学（学..,2020年山东大学威海生态学、生物工程研究生调剂信息,/tiaoji/schooldetail/id/22193.shtml,2020-02-22
长江大学,详细查看正文,2020年长江大学佘跃惠课题组考研调剂信息,/tiaoji/schooldetail/id/22191.shtml,2020-02-21
上海电力学院,物理学,2020年上海电力大学数理学院高温超导与微纳米马达课题..,/tiaoji/schooldetail/id/22189.shtml,2020-02-21
长春工业大学,化学,2020年长春工业大学材料科学高等研究院考研调剂信息,/tiaoji/schooldetail/id/22187.shtml,2020-02-21
杭州师范大学,计算机科学与技术、软件工..,2020年杭州师范大学杭州智能计算团队考研调剂信息,/tiaoji/schooldetail/id/22185.shtml,2020-02-21
广西民族大学,化学工程与技术,2020年广西民族大学化学工程与技术专业考研调剂信息,/tiaoji/schooldetail/id/22183.shtml,2020-02-21
五邑大学,食品科学与工程,2020年五邑大学食品科学与工程专业考研调剂信息,/tiaoji/schooldetail/id/22181.shtml,2020-02-21
温州大学,化学,2020年温州大学纳米实验室考研调剂信息,/tiaoji/schooldetail/id/22179.shtml,2020-02-21
西南科技大学,微生物学、高分子化学与物..,西南科技大学郑志勤研究团队2020年考研调剂信息,/tiaoji/schooldetail/id/22177.shtml,2020-02-21
北京工商大学,材料加工工程、材料物理与..,北京工商大学材料加工工程、材料物理与化学专业2020年..,/tiaoji/schooldetail/id/22175.shtml,2020-02-21
南昌航空大学,材料学,南昌航空大学材料学专业2020年考研调剂信息,/tiaoji/schooldetail/id/22173.shtml,2020-02-21
沈阳化工大学,动力工程及工程热物理、流..,2020年沈阳化工大学张建伟老师考研调剂信息,/tiaoji/schooldetail/id/22171.shtml,2020-02-21
哈尔滨工程大学,详细查看正文,2020年哈尔滨工程大学船舶工程学院研究生复试调剂前期..,/tiaoji/schooldetail/id/22169.shtml,2020-02-21
北京化工大学,化学,北京化工大学化学学院谭嘉靖课题组2020年考研调剂信息,/tiaoji/schooldetail/id/22167.shtml,2020-02-21
华南师范大学,光学、光学工程、物理、化..,华南师范大学先进光电子研究院2020年考研调剂信息,/tiaoji/schooldetail/id/22165.shtml,2020-02-21
太原科技大学,化学工程与技术,2020年太原科技大学化学工程与技术专业招收调剂硕士研..,/tiaoji/schooldetail/id/22163.shtml,2020-02-21
东北石油大学,机械,东北石油大学唐友福教授课题组机械工程2020年考研调剂..,/tiaoji/schooldetail/id/22161.shtml,2020-02-21
太原理工大学,物理、化学、材料,2020年太原理工大学能源转换与利用课题组考研调剂信息,/tiaoji/schooldetail/id/22159.shtml,2020-02-21
上海应用技术大学,很多专业,上海应用技术大学2020年考研调剂信息,/tiaoji/schooldetail/id/22157.shtml,2020-02-21
五邑大学,环境工程,五邑大学生物科技与大健康学院环境工程专业2020年考研..,/tiaoji/schooldetail/id/22155.shtml,2020-02-21
济南大学,物理学,2020年济南大学自旋电子学研究所考研调剂信息：物理学..,/tiaoji/schooldetail/id/22153.shtml,2020-02-21
浙江科技学院,物理学,2020年浙江科技学院物理学专业接受5名硕士调剂生,/tiaoji/schooldetail/id/22151.shtml,2020-02-21
西京学院,土木工程,西京学院结构工程专业2020年研究生调剂信息,/tiaoji/schooldetail/id/22149.shtml,2020-02-21
福建农林大学,植物、生化,福建农林大学许卫锋教授课题组2020年考研调剂信息,/tiaoji/schooldetail/id/22147.shtml,2020-02-21
青岛大学,材料、化学,2020年青岛大学山东省微复合材料重点实验室接受硕士调..,/tiaoji/schooldetail/id/22145.shtml,2020-02-21
燕山大学,化工、化学、生物学、物理..,燕山大学功能材料和核酸课题组2020年考研调剂信息,/tiaoji/schooldetail/id/22143.shtml,2020-02-21
太原理工大学,化学、化工,2020年太原理工大学煤转化和煤基新材料课题组考研调剂..,/tiaoji/schooldetail/id/22141.shtml,2020-02-21
南昌航空大学,计算机、物理、数学、金属..,2020年南昌航空大学测试与光电工程学院考研调剂信息,/tiaoji/schooldetail/id/22139.shtml,2020-02-21
长春工业大学,材料学、材料工程,2020年长春工业大学材料学院招收硕士生调剂公告,/tiaoji/schooldetail/id/22137.shtml,2020-02-21
长春工业大学,高分子化学与物理、材料学..,长春工业大学化学工程学院吴广峰课题组2020年考研调剂..,/tiaoji/schooldetail/id/22135.shtml,2020-02-21
长春工业大学,化工、高分子、资源与环境..,2020年长春工业大学化工、高分子、资源与环境、化学专..,/tiaoji/schooldetail/id/22133.shtml,2020-02-21
青岛大学,物理学、材料工程,青岛大学物理学院中法纳米纤维和光电器件研究中心2020..,/tiaoji/schooldetail/id/22131.shtml,2020-02-21
青岛农业大学,化学,2020年青岛农业大学肖建课题组研究生调剂信息,/tiaoji/schooldetail/id/22125.shtml,2020-02-21
青岛科技大学,化学、化工、材料,青岛科技大学绿色能源与功能材料课题组2020年考研调剂..,/tiaoji/schooldetail/id/22123.shtml,2020-02-21
内蒙古工业大学,生物化工、微生物、生物制..,内蒙古工业大学生物化工专业2020年考研调剂信息,/tiaoji/schooldetail/id/22121.shtml,2020-02-21
长春工业大学,化学工程与技术、化学,长春工业大学化学工程学院王鹏课题组2020年考研调剂信..,/tiaoji/schooldetail/id/22119.shtml,2020-02-21
重庆工商大学,化学化工、环境工程、材料,重庆工商大学环境工程学硕、化学工程专硕2020年考研调..,/tiaoji/schooldetail/id/22117.shtml,2020-02-21
山东大学,物理、应用物理,山东大学物理学院硕士生导师赵兰玲2020年接受硕士调剂..,/tiaoji/schooldetail/id/22115.shtml,2020-02-21
南昌航空大学,材料科学与工程,南昌航空大学材料科学与工程专业2020年考研调剂信息,/tiaoji/schooldetail/id/22113.shtml,2020-02-21
江苏理工学院,机械、资源与环境,2020年江苏理工学院硕士研究生招生调剂信息公告,/tiaoji/schooldetail/id/22111.shtml,2020-02-21
大连工业大学,材料科学与工程,2020年大连工业大学材料科学与工程专业考研调剂信息,/tiaoji/schooldetail/id/22109.shtml,2020-02-21
中北大学,化学、生物、环境、制药,中北大学研究团队2020年研究生调剂信息,/tiaoji/schooldetail/id/22107.shtml,2020-02-21
南昌航空大学,光学工程、光电检测技术及..,南昌航空大学微纳光学团队2020年研究生调剂信息,/tiaoji/schooldetail/id/22105.shtml,2020-02-21
安徽工业大学,资源循环、冶金工程,安徽工业大学资源循环科研组2020年考研调剂信息,/tiaoji/schooldetail/id/22103.shtml,2020-02-21
广州大学,机械制造及其自动化,广州大学机械制造及其自动化专业2020年考研调剂信息,/tiaoji/schooldetail/id/22101.shtml,2020-02-21
江西科技师范大学,化学,江西科技师范大学高分子申亮课题组2020年考研调剂信息,/tiaoji/schooldetail/id/22099.shtml,2020-02-21
五邑大学,环境工程、环境科学,2020年五邑大学环境科学专业接受硕士调剂生,/tiaoji/schooldetail/id/22097.shtml,2020-02-21
江西科技师范大学,化学,2020年江西科技师范大学赵丰课题组接受硕士调剂生,/tiaoji/schooldetail/id/22095.shtml,2020-02-21
上海海事大学,详细查看正文,上海海事大学交通运输安全与环境工程2020年考研调剂信..,/tiaoji/schooldetail/id/22093.shtml,2020-02-21
江西理工大学,冶金工程、化学工程与工艺..,江西理工大学冶金工程专业2020年研究生调剂信息,/tiaoji/schooldetail/id/22091.shtml,2020-02-21
北京石油化工学院,机械、电子、物理,北京石油化工学院光电检测技术课题组2020年考研调剂信..,/tiaoji/schooldetail/id/22089.shtml,2020-02-21
湖南工业大学,生物,湖南工业大学生物医用纳米材料与器件湖南省重点实验室..,/tiaoji/schooldetail/id/22087.shtml,2020-02-21
江西理工大学,产业经济学,2020年江西理工大学产业经济学专业研究生调剂信息,/tiaoji/schooldetail/id/22085.shtml,2020-02-21
北京大学,基础医学、预防医学、生命..,北京大学卫生部老年医学研究所2020年考研调剂信息,/tiaoji/schooldetail/id/22083.shtml,2020-02-21
辽宁石油化工大学,化学化工,辽宁石油化工大学化学化工2020年研究生调剂信息,/tiaoji/schooldetail/id/22081.shtml,2020-02-21
安徽农业大学,园艺学、作物学、生命科学,安徽农业大学园艺学院朱晓彪教授课题组2020年考研调剂..,/tiaoji/schooldetail/id/22079.shtml,2020-02-21
青岛大学,工业催化,青岛大学工业催化专业2020年研究生调剂信息,/tiaoji/schooldetail/id/22075.shtml,2020-02-21
华南师范大学,物理化学,华南师范大学物理化学专业2020年接受调剂生,/tiaoji/schooldetail/id/22073.shtml,2020-02-21
江苏大学,化学工程与技术,江苏大学能源研究院程明教授课题组2020年研调剂信息,/tiaoji/schooldetail/id/22071.shtml,2020-02-21
上海应用技术大学,安全工程、结构工程,上海应用技术大学安全工程、结构工程专业2020年考研调..,/tiaoji/schooldetail/id/22069.shtml,2020-02-21
江苏大学,微生物,2020年江苏大学环境与安全工程学院成亮教授课题组考研..,/tiaoji/schooldetail/id/22067.shtml,2020-02-21
江西理工大学,冶金工程,2020年江西理工大学冶金工程专业研究生调剂信息,/tiaoji/schooldetail/id/22063.shtml,2020-02-21
哈尔滨工程大学,凝聚态物理、光学、光学工..,2020年哈尔滨工程大学光子材料课题组招收硕士研究生,/tiaoji/schooldetail/id/22061.shtml,2020-02-21
哈尔滨工程大学,高分子材料、应用化学、有..,哈尔滨工程大学材化学院海先所轻质功能材料研究团队20..,/tiaoji/schooldetail/id/22057.shtml,2020-02-21
福建农林大学,化学、化工、材料科学与工..,福建农林大学材料工程学院先进催化及功能材料团队2020..,/tiaoji/schooldetail/id/22055.shtml,2020-02-21
福州大学,生物与医药,福州大学孟超医学与交叉科学研究中心生物与医药专业20..,/tiaoji/schooldetail/id/22053.shtml,2020-02-21
华南师范大学,光学、光学工程、物理、化..,华南师范大学邢晓波教授2020年研究生调剂信息,/tiaoji/schooldetail/id/22051.shtml,2020-02-21
西华大学,材料、化学化工,西华大学材料学院卞军教授课题组2020年考研调剂信息,/tiaoji/schooldetail/id/22049.shtml,2020-02-21
长春工业大学,详细查看正文,长春工业大学李明副教授课题组2020年考研调剂信息,/tiaoji/schooldetail/id/22047.shtml,2020-02-21
吉林大学,化学、环境科学、材料科学,吉林大学新能源与环境学院李永新课题组2020年考研调剂..,/tiaoji/schooldetail/id/22045.shtml,2020-02-21
上海应用技术大学,化学、化工、材料、轻工、..,上海应用技术大学材料科学与工程学院赵�纯翁庾�2020�..,/tiaoji/schooldetail/id/22043.shtml,2020-02-21
天津理工大学,化学化工,天津理工大学化学化工学院尹晓红教授课题组2020年考研..,/tiaoji/schooldetail/id/22041.shtml,2020-02-21
重庆工商大学,环境工程,重庆工商大学环境工程专业2020年考研调剂信息,/tiaoji/schooldetail/id/22035.shtml,2020-02-21
北京石油化工学院,机械、自动化、金属,北京石油化工学院水下焊接与修复技术课题组2020年考研..,/tiaoji/schooldetail/id/22033.shtml,2020-02-21
青岛大学,物理学、应用物理学、光电..,青岛大学物理科学学院电光功能材料课题组2020年考研调..,/tiaoji/schooldetail/id/22031.shtml,2020-02-21
中国矿业大学（徐州）,机械类、材料类、计算机科..,中国矿业大学激光先进制造技术实验室2020年考研调剂信..,/tiaoji/schooldetail/id/22029.shtml,2020-02-21
南京林业大学,材料、化学、药学,2020年南京林业大学林业工程考研调剂信息,/tiaoji/schooldetail/id/22027.shtml,2020-02-21
燕山大学,化学工程与技术、化学工程,燕山大学环化学院杨靓月教授2020年考研调剂信息,/tiaoji/schooldetail/id/22025.shtml,2020-02-21
大连工业大学,化学工程与技术、材料科学..,大连工业大学曹亚峰教授课题组2020年考研调剂信息,/tiaoji/schooldetail/id/22023.shtml,2020-02-21
华南师范大学,新能源,华南师范大学半导体科学技术研究院江丰课题组2020年考..,/tiaoji/schooldetail/id/22021.shtml,2020-02-21
长春工业大学,化学,长春工业大学化学专业2020年考研调剂信息,/tiaoji/schooldetail/id/22019.shtml,2020-02-21
安徽工业大学,冶金工程、材料科学与工程,安徽工业大学低碳冶金研究所2020年考研调剂信息,/tiaoji/schooldetail/id/22017.shtml,2020-02-21
江苏大学,化学、化工,江苏大学化工院课题组2020研究生调剂信息,/tiaoji/schooldetail/id/22015.shtml,2020-02-21
青岛大学,新能源,青岛大学物理学院信息存储处理与新能源器件方向2020年..,/tiaoji/schooldetail/id/22013.shtml,2020-02-21
中国矿业大学（徐州）,动力工程及工程热物理、流..,中国矿业大学工程热物理研究所2020年考研调剂信息,/tiaoji/schooldetail/id/22011.shtml,2020-02-21
山东大学,材料,山东大学材料科学与工程学院汪宙副研究员2020年考研调..,/tiaoji/schooldetail/id/22009.shtml,2020-02-21
辽宁科技大学,材料,辽宁科技大学化工学院省功能材料重点实验室2020年考研..,/tiaoji/schooldetail/id/22007.shtml,2020-02-21
石家庄铁道大学,材料、化学,石家庄铁道大学材料学院功能材料系赵桃林副教授课题组..,/tiaoji/schooldetail/id/22005.shtml,2020-02-21
中国地质大学（北京）,材料科学与工程,2020年中国地质大学（北京）材料科学与工程专业考研调..,/tiaoji/schooldetail/id/22003.shtml,2020-02-21
沈阳铸造研究所,材料加工工程,沈阳铸造研究所2020年硕士研究生（材料加工工程）调剂..,/tiaoji/schooldetail/id/22001.shtml,2020-02-21
机械科学研究院哈尔滨焊接研究所,材料加工工程,2020年机械科学研究院哈尔滨焊接研究所考研调剂信息,/tiaoji/schooldetail/id/21999.shtml,2020-02-21
上海船舶电子设备研究所,水声工程,2020年上海船舶电子设备研究所考研调剂信息,/tiaoji/schooldetail/id/21997.shtml,2020-02-21
北京有色金属研究总院,材料科学与工程、冶金工程,2020年北京有色金属研究总院硕士调剂信息,/tiaoji/schooldetail/id/21995.shtml,2020-02-21
辽宁石油化工大学,工学、理学、管理学、法学..,2020年辽宁石油化工大学硕士研究生招生调剂信息,/tiaoji/schooldetail/id/21993.shtml,2020-02-20
北京航空航天大学,详细查看正文,北京航空航天大学微电子学院2020年接受非全日制调剂生,/tiaoji/schooldetail/id/21991.shtml,2020-02-20
沈阳化工大学,工学、理学、经济学、管理..,2020年沈阳化工大学硕士研究生调剂信息,/tiaoji/schooldetail/id/21989.shtml,2020-02-19
中国地质大学（武汉）,地质工程、石油工程、矿产..,2020年中国地质大学（武汉）油气储层评价方向课题组考..,/tiaoji/schooldetail/id/21987.shtml,2020-02-19
中国航天空气动力技术研究院,力学、航空宇航科学与技术,2020年中国航天科技集团公司第十一研究院考研调剂信息,/tiaoji/schooldetail/id/21983.shtml,2020-02-19
长春工业大学,高分子材料学（工科）、高..,2020年长春工业大学化学工程学院材料科学高等研究院考..,/tiaoji/schooldetail/id/21981.shtml,2020-02-19
上海工程技术大学,材料工程、材料科学等,2020年上海工程技术大学上海市激光先进制造技术协同创..,/tiaoji/schooldetail/id/21979.shtml,2020-02-19
江西理工大学,冶金工程、动力工程及工程..,2020年江西理工大学余艾冰院士团队研究生调剂信息,/tiaoji/schooldetail/id/21977.shtml,2020-02-19
青岛大学,物理学、应用物理学、光电..,2020年青岛大学物理科学学院功能磁学与新能源实验室研..,/tiaoji/schooldetail/id/21975.shtml,2020-02-19
燕山大学,学术型：检测技术与自动化..,2020年燕山大学电气工程学院“智能信息处理”团队研究..,/tiaoji/schooldetail/id/21973.shtml,2020-02-18
江苏科技大学,物理电子学 电子、物理、..,2020年江苏科技大学理学院物理电子学专业研究生调剂信..,/tiaoji/schooldetail/id/21971.shtml,2020-02-18
长春工业大学,高分子材料学（工科）、高..,2020年长春工业大学高分子化学与物理专业研究生调剂信..,/tiaoji/schooldetail/id/21969.shtml,2020-02-18
辽宁石油化工大学,化学、化工、材料、环境,2020年辽宁石油化工大学物理化学专业研究生调剂信息,/tiaoji/schooldetail/id/21967.shtml,2020-02-18
燕山大学,激光增材制造，金属基复合..,2020年燕山大学国防科学技术学院金属材料、材料工程专..,/tiaoji/schooldetail/id/21965.shtml,2020-02-18
辽宁工程技术大学,机械、土木等相关专业,2020年辽宁工程技术大学王学滨教授研究生调剂信息,/tiaoji/schooldetail/id/21963.shtml,2020-02-18
上海师范大学,工学,2020年上海师范大学建筑工程学院考研调剂信息,/tiaoji/schooldetail/id/21957.shtml,2020-02-18
天津师范大学,信息与通信工程、智能科学..,2020年天津师范大学电通学院硕士研究生招生考试接收调..,/tiaoji/schooldetail/id/21955.shtml,2020-02-18
燕山大学,详细查看正文,燕山大学王青峰教授先进金材与加工课题组2020年考研调..,/tiaoji/schooldetail/id/21949.shtml,2020-02-18
辽宁石油化工大学,化学工艺、应用化学、化学..,辽宁石油化工大学杨丽娜课题组2020年考研调剂信息,/tiaoji/schooldetail/id/21947.shtml,2020-02-18
沈阳化工大学,动力工程、工程热物理、流..,沈阳化工大学机械与动力工程学院2020年考研调剂信息,/tiaoji/schooldetail/id/21945.shtml,2020-02-18
辽宁石油化工大学,有机化学、药物合成化学、..,2020年辽宁石油化工大学有机化学及药物化学课题组考研..,/tiaoji/schooldetail/id/21943.shtml,2020-02-18
福建农林大学,详细查看正文,2020年福建农林大学福建省“百人计划专家”李景虎教授..,/tiaoji/schooldetail/id/21941.shtml,2020-02-18
燕山大学,化学,2020年燕山大学王龙刚课题组考研调剂信息,/tiaoji/schooldetail/id/21939.shtml,2020-02-18
兰州交通大学,水利水电工程,兰州交通大学水利水电工程专业2020年考研调剂信息,/tiaoji/schooldetail/id/21937.shtml,2020-02-18
渤海大学,化学,渤海大学化学化工学院化学类专业2020年考研调剂信息,/tiaoji/schooldetail/id/21935.shtml,2020-02-18
江西科技师范大学,电子科学与技术、材料、物..,2020年江西科技师范大学熊志华教授课题组考研调剂信息,/tiaoji/schooldetail/id/21933.shtml,2020-02-18
南京工业大学,详细查看正文,南京工业大学光电功能材料与器件实验室2020年考研调剂..,/tiaoji/schooldetail/id/21931.shtml,2020-02-18
燕山大学,应用化学、化学工程与工艺..,燕山大学化学工程专业2020年考研调剂信息,/tiaoji/schooldetail/id/21929.shtml,2020-02-18
太原理工大学,通信、光电、物理,太原理工大学通信、光电、物理类专业2020年考研调剂信..,/tiaoji/schooldetail/id/21927.shtml,2020-02-18
大连医科大学,药学、化学、生物化学、分..,大连医科大学肿瘤干细胞研究院刘强课题组2020年考研调..,/tiaoji/schooldetail/id/21925.shtml,2020-02-18
长春工业大学,环境工程,长春工业大学环境工程专业2020年考研调剂信息,/tiaoji/schooldetail/id/21923.shtml,2020-02-18
北京化工大学,详细参考正文,北京化工大学软物质科学与工程软物质高精尖创新中心生..,/tiaoji/schooldetail/id/21921.shtml,2020-02-18
西南科技大学,详细查看正文,西南科技大学辐射防护材料课题组2020年考研调剂信息,/tiaoji/schooldetail/id/21919.shtml,2020-02-18
青岛科技大学,详细查看正文,青岛科技大学化学院赵宋焘教授课题组2020年考研调剂信..,/tiaoji/schooldetail/id/21917.shtml,2020-02-18
南京工业大学,材料物理与化学,南京工业大学数理学院材料物理与化学专业2020年考研调..,/tiaoji/schooldetail/id/21915.shtml,2020-02-18
中北大学,材料化学工程,中北大学2020年考研调剂信息：材料化学工程，生物提取..,/tiaoji/schooldetail/id/21913.shtml,2020-02-18
哈尔滨工程大学,凝聚态物理、光学、光学工..,哈尔滨工程大学光子材料课题组2020年考研调剂信息,/tiaoji/schooldetail/id/21911.shtml,2020-02-18
江西科技师范大学,材料、化学、化工,江西科技师范大学先进陶瓷材料及纳米器件课题组2020年..,/tiaoji/schooldetail/id/21909.shtml,2020-02-18
长春工业大学,化学工程、环境工程、高分..,长春工业大学光功能聚合物纳米复合材料课题组2020年考..,/tiaoji/schooldetail/id/21907.shtml,2020-02-18
桂林电子科技大学,人工智能,桂林电子科技大学机电工程学院2020年考研调剂信息,/tiaoji/schooldetail/id/21905.shtml,2020-02-18
河南理工大学,材料、物理、化学,河南理工大学赵瑞奇课题组2020年考研调剂信息,/tiaoji/schooldetail/id/21903.shtml,2020-02-17
齐齐哈尔大学,详细查看正文,齐齐哈尔大学通信与电子工程学院石翠萍老师2020年考研..,/tiaoji/schooldetail/id/21901.shtml,2020-02-17
青岛大学,材料学,青岛大学杂化材料研究院材料学专业2020年考研调剂信息,/tiaoji/schooldetail/id/21899.shtml,2020-02-17
燕山大学,应用化学,燕山大学环化学院侯莉老师课题组2020年考研调剂信息,/tiaoji/schooldetail/id/21897.shtml,2020-02-17
燕山大学,材料科学与工程、材料加工..,燕山大学邹老师课题组2020级硕士研究生调剂信息,/tiaoji/schooldetail/id/21895.shtml,2020-02-17
辽宁工程技术大学,力学、电信电控等,辽宁工程技术大学安全科学与工程学院2020年考研调剂信..,/tiaoji/schooldetail/id/21893.shtml,2020-02-17
太原理工大学,光学工程、仪器科学与技术..,太原理工大学2020年“保密光通信”团队考研调剂信息,/tiaoji/schooldetail/id/21891.shtml,2020-02-17
山东科技大学,采矿工程,山东科技大学能源与矿业工程学院采矿工程专业2020年考..,/tiaoji/schooldetail/id/21889.shtml,2020-02-17
沈阳化工大学,化学工程、化学工艺,2020年沈阳化工大学李文秀张志刚老师课题组考研调剂信..,/tiaoji/schooldetail/id/21887.shtml,2020-02-17
山东大学,电子科学与技术、微电子学..,2020年山东大学微电子学院考研调剂信息,/tiaoji/schooldetail/id/21885.shtml,2020-02-17
中国航空研究院623所,工程力学,2020年中国航空研究院623所考研（工程力学专业）调剂..,/tiaoji/schooldetail/id/21883.shtml,2020-02-17
中钢集团马鞍山矿山研究院,采矿工程、矿物加工工程、..,2020年中钢集团马鞍山矿山研究院硕士研究生预调剂公告,/tiaoji/schooldetail/id/21881.shtml,2020-02-17
机械科学研究总院,材料、机械方向,2020年机械科学研究总院硕士研究生调剂信息,/tiaoji/schooldetail/id/21879.shtml,2020-02-17
北京机电研究所,材料学、材料加工工程,2020年北京机电研究所考研调剂信息（公费）,/tiaoji/schooldetail/id/21875.shtml,2020-02-15
广西大学,生物、基础医学、计算化学,2020年广西大学“百人计划”周磊教授课题组考研调剂信..,/tiaoji/schooldetail/id/21873.shtml,2020-02-14
哈尔滨工程大学,动力工程、工程热物理、机..,哈尔滨工程大学动力工程及工程热物理专业2020年考研调..,/tiaoji/schooldetail/id/21871.shtml,2020-02-14
沈阳化工大学,详细查看正文,沈阳化工大学机械与动力工程学院张建伟教授、冯颖副教..,/tiaoji/schooldetail/id/21869.shtml,2020-02-14
沈阳化工大学,化学工程、化学工艺,沈阳化工大学李文秀张志刚老师课题组2020年考研调剂信..,/tiaoji/schooldetail/id/21867.shtml,2020-02-14
厦门理工学院,半导体物理、微电子、材料..,厦门理工学院闽江学者连水养教授课题组2020年考研调剂..,/tiaoji/schooldetail/id/21865.shtml,2020-02-14
燕山大学,详细查看正文,燕山大学功能材料和核酸大课题组2020年考研调剂信息,/tiaoji/schooldetail/id/21863.shtml,2020-02-14
南京航空航天大学,详细查看正文,南京航空航天大学国家“青千”刘衍朋课题组2020年考研..,/tiaoji/schooldetail/id/21861.shtml,2020-02-14
哈尔滨工程大学,高分子材料、应用化学、有..,哈尔滨工程大学轻质功能材料研究团队2020年考研调剂信..,/tiaoji/schooldetail/id/21859.shtml,2020-02-14
南京航空航天大学,航空航天、能源动力、机械..,南京航空航天大学航空航天、能源动力、机械、材料2020..,/tiaoji/schooldetail/id/21857.shtml,2020-02-14
沈阳工业大学,详情查看正文,沈阳工业大学李凤红教授课程组2020年考研调剂信息,/tiaoji/schooldetail/id/21855.shtml,2020-02-14
沈阳工业大学,化学工程与技术,沈阳工业大学理学院化学工程与技术专业2020年考研调剂..,/tiaoji/schooldetail/id/21853.shtml,2020-02-14
西安石油大学,材料科学与工程、材料与化..,西安石油大学材料科学与工程学院2020年考研调剂信息,/tiaoji/schooldetail/id/21851.shtml,2020-02-14
北京化工大学,化学工程与技术、生物工程..,北京化工大学高精尖中心Jens Nielsen课题组2020年招收..,/tiaoji/schooldetail/id/21849.shtml,2020-02-13
中国矿业大学（徐州）,工程热物理,中国矿业大学（徐州）工程热物理专业2020年考研调剂信..,/tiaoji/schooldetail/id/21847.shtml,2020-02-13
江西师范大学,材料科学与工程,江西师范大学王志朋老师课题组2020年研究生调剂信息,/tiaoji/schooldetail/id/21845.shtml,2020-02-13
山东大学,材料、化学、化工、物理、..,山东大学材料学院刘久荣教授课题组2020年考研调剂信息,/tiaoji/schooldetail/id/21843.shtml,2020-02-13
华北理工大学,化学工程与技术、材料科学..,2020年华北理工大学功能高分子课题组考研调剂信息,/tiaoji/schooldetail/id/21841.shtml,2020-02-12
大连医科大学,组细胞生物学、生物化学,大连医科大学肿瘤中心汪洋课题组细胞生物学专业2020年..,/tiaoji/schooldetail/id/21839.shtml,2020-02-12
沈阳化工大学,化工过程机械,沈阳化工大学化工过程机械专业2020年考研调剂信息,/tiaoji/schooldetail/id/21837.shtml,2020-02-12
南京航空航天大学,详情查看正文,南京航空航天大学微波光子学团队2020年考研调剂信息,/tiaoji/schooldetail/id/21835.shtml,2020-02-12
燕山大学,化学工程,燕山大学化学工程专业2020年研究生调剂信息,/tiaoji/schooldetail/id/21833.shtml,2020-02-12
北京工商大学,高分子材料、包装工程、材..,北京工商大学聚合物发泡材料实验室接收高分子相关专业..,/tiaoji/schooldetail/id/21831.shtml,2020-02-12
北京化工大学,化工、材料,北京化工大学材料学院超分子材料课题组2020年考研调剂..,/tiaoji/schooldetail/id/21829.shtml,2020-02-12
燕山大学,应用化学,燕山大学应用化学专业2020年研究生调剂信息,/tiaoji/schooldetail/id/21827.shtml,2020-02-12
江苏海洋大学,水产养殖,2020年江苏海洋大学水产养殖专业考研调剂信息,/tiaoji/schooldetail/id/21825.shtml,2020-02-12
沈阳化工大学,动力工程及工程热物理、动..,2020年沈阳化工大学机械与动力工程学院孟辉波教授和禹..,/tiaoji/schooldetail/id/21823.shtml,2020-02-12
辽宁科技大学,热能工程与环境催化,2020年辽宁科技大学热能工程与环境催化研究团队考研调..,/tiaoji/schooldetail/id/21821.shtml,2020-02-12
南京林业大学,高分子、生物医学、材料化..,南京林业大学材料科学与工程学院付宇教授课题组2020年..,/tiaoji/schooldetail/id/21819.shtml,2020-02-12
安徽工业大学,冶金工程、化学工程与技术,2020年安徽工业大学冶金工程、化学工程与技术专业考研..,/tiaoji/schooldetail/id/21817.shtml,2020-02-12
沈阳理工大学,化学工程,沈阳理工大学化学工程专业2020年研究生调剂信息,/tiaoji/schooldetail/id/21815.shtml,2020-02-12
中国矿业大学（徐州）,动力机械、工程热物理、化..,2020年中国矿业大学电气与动力工程学院动力工程及工程..,/tiaoji/schooldetail/id/21813.shtml,2020-02-12
内蒙古科技大学,冶金工程、材料工程,2020年内蒙古科技大学内蒙古先进陶瓷材料与器件重点实..,/tiaoji/schooldetail/id/21811.shtml,2020-02-12
大连工业大学,化学工程与技术、材料科学..,2020年大连工业大学曹亚峰课题组考研调剂信息,/tiaoji/schooldetail/id/21809.shtml,2020-02-12
赣南师范大学,电磁场与微波技术,2020年赣南师范大学电磁场与微波技术专业考研调剂信息,/tiaoji/schooldetail/id/21807.shtml,2020-02-12
哈尔滨工程大学,高分子材料、应用化学、有..,2020年哈尔滨工程大学材料科学与化学工程学院轻质功能..,/tiaoji/schooldetail/id/21805.shtml,2020-02-12
福建农林大学,详情查看正文,福建农林大学微生物新资源及新药创制研究团队2020年考..,/tiaoji/schooldetail/id/21803.shtml,2020-02-12
上海应用技术大学,材料科学与工程,上海应用技术大学材料科学与工程学院赵�纯翁庾�2020�..,/tiaoji/schooldetail/id/21801.shtml,2020-02-12
大连海事大学,能动、材料、化工,大连海事大学船舶节能及海洋可再生能源利用团队2020年..,/tiaoji/schooldetail/id/21799.shtml,2020-02-12
沈阳化工大学,材料科学与工程,沈阳化工大学材料科学与工程专业2020年接受调剂,/tiaoji/schooldetail/id/21797.shtml,2020-02-12
沈阳理工大学,材料学,沈阳理工大学材料学专业2020年研究生调剂信息,/tiaoji/schooldetail/id/21795.shtml,2020-02-12
江苏师范大学,有机化学,江苏师范大学化学与材料科学学院有机化学专业2020年接..,/tiaoji/schooldetail/id/21793.shtml,2020-02-12
山东大学,生态学、生物工程,山东大学威海生态学、生物工程专业2020年接受调剂,/tiaoji/schooldetail/id/21791.shtml,2020-02-12
延安大学,生态学,延安大学生态学专业2020年考研调剂信息,/tiaoji/schooldetail/id/21789.shtml,2020-02-11
天津理工大学,材料科学与工程,天津理工大学材料科学与工程学院材料科学与工程2020年..,/tiaoji/schooldetail/id/21787.shtml,2020-02-11
上海电力学院,控制工程、动力工程、机械..,上海电力大学控制工程、动力工程、机械工程、计算机20..,/tiaoji/schooldetail/id/21785.shtml,2020-02-11
上海科技大学,微电子学与固体电子学,上海科技大学微电子学与固体电子学专业2020年接受调剂,/tiaoji/schooldetail/id/21783.shtml,2020-02-11
青岛科技大学,材料物理与化学,青岛科技大学材料物理与化学专业2020年接受调剂,/tiaoji/schooldetail/id/21781.shtml,2020-02-11
辽宁工程技术大学,力学、采矿,辽宁工程技术大学力学、采矿专业2020年考研调剂信息,/tiaoji/schooldetail/id/21779.shtml,2020-02-11
辽宁石油化工大学,化学工艺,2020年辽宁石油化工大学化学工艺专业考研调剂信息,/tiaoji/schooldetail/id/21777.shtml,2020-02-11
大连海洋大学,详见正文介绍,2020年大连海洋大学水产与生命学院常亚青教授团队考研..,/tiaoji/schooldetail/id/21775.shtml,2020-02-11
沈阳铸造研究所,材料加工工程,沈阳铸造研究所2020年硕士研究生（材料加工工程）调剂..,/tiaoji/schooldetail/id/21773.shtml,2020-02-11
哈尔滨工程大学,动力工程、工程热物理、机..,哈尔滨工程大学动力工程及工程热物理、机械工程、轮机..,/tiaoji/schooldetail/id/21767.shtml,2020-02-07
山西农业大学,详见正文,2020年山西农业大学分子农业与生物能源研究团队李润植..,/tiaoji/schooldetail/id/21765.shtml,2020-02-07
西京学院,电子信息,西京学院信息工程学院电子信息专业2020年考研调剂信息,/tiaoji/schooldetail/id/21763.shtml,2020-02-07
辽宁石油化工大学,分析化学,2020年辽宁石油化工大学范洪涛团队考研调剂信息,/tiaoji/schooldetail/id/21761.shtml,2020-02-07
新疆大学,物理化学、无机化学,新疆大学应化所郝爱泽课题组物理化学、无机化学专业20..,/tiaoji/schooldetail/id/21759.shtml,2020-02-07
中南林业科技大学,材料科学与工程、材料与化..,2020年中南林业科技大学材料科学与工程学院罗卫华教授..,/tiaoji/schooldetail/id/21757.shtml,2020-02-06
石河子大学,化学工程与技术,2020年石河子大学“多相催化”组考研调剂信息,/tiaoji/schooldetail/id/21755.shtml,2020-02-06
安徽理工大学,应用化学,安徽理工大学化学工程学院疏瑞文副教授课题组2020年考..,/tiaoji/schooldetail/id/21753.shtml,2020-02-06
西京学院,土木工程,2020年西京学院土木工程专业考研调剂信息,/tiaoji/schooldetail/id/21751.shtml,2020-02-06
沈阳工业大学,化学工艺,2020年沈阳工业大学化学工艺专业考研调剂信息,/tiaoji/schooldetail/id/21749.shtml,2020-02-06
太原理工大学,电子信息（光学工程方向）,2020年太原理工大学有机光电转化材料与器件团队考研调..,/tiaoji/schooldetail/id/21747.shtml,2020-02-05
哈尔滨理工大学,机械类、医学、生物化学、..,2020年哈尔滨理工大学王沫楠团队机械类专业考研调剂信..,/tiaoji/schooldetail/id/21745.shtml,2020-02-05
山东理工大学,材料学、物理、化学,山东理工大学焦万丽课题组2020年考研调剂信息,/tiaoji/schooldetail/id/21743.shtml,2020-02-05
燕山大学,化学工程与技术,燕山大学谷建民副教授课题组2020年化学工程与技术专业..,/tiaoji/schooldetail/id/21741.shtml,2020-02-05
西南科技大学,矿物加工工程、环境工程、..,西南科技大学矿物加工工程专业2020年考研调剂信息,/tiaoji/schooldetail/id/21739.shtml,2020-02-05
大连工业大学,材料科学与工程、高分子材..,大连工业大学材料科学与工程专业（高分子材料）2020年..,/tiaoji/schooldetail/id/21737.shtml,2020-02-05
青岛农业大学,微生物学,青岛农业大学微生物学专业2020年考研调剂信息,/tiaoji/schooldetail/id/21735.shtml,2020-02-05
青岛科技大学,高分子化学与物理、无机、..,青岛科技大学化工学院武玉民教授课题组2020年考研调剂..,/tiaoji/schooldetail/id/21733.shtml,2020-02-05
大连工业大学,材料学,大连工业大学材料学专业2020年考研调剂信息,/tiaoji/schooldetail/id/21731.shtml,2020-02-05
山东大学,食品科学,山东大学食品科学专业2020年考研调剂信息,/tiaoji/schooldetail/id/21729.shtml,2020-02-05
青岛大学,光学、物理学、材料工程,青岛大学物理科学学院微纳光子学课题组2020年考研调剂..,/tiaoji/schooldetail/id/21727.shtml,2020-02-05
上海船舶运输科学研究所,轮机工程、通信与信息系统..,2020年上海船舶运输科学研究所考研调剂信息,/tiaoji/schooldetail/id/21723.shtml,2020-01-20
青岛大学,材料学,青岛大学材料学专业2020年接收调剂研究生,/tiaoji/schooldetail/id/21721.shtml,2020-01-19
厦门理工学院,光学工程、材料学、电子与..,2020年厦门理工学院闽江学者连水养教授课题组接收调剂..,/tiaoji/schooldetail/id/21719.shtml,2020-01-19
哈尔滨工程大学,材料学,哈尔滨工程大学材化学院-诚招2020级硕士研究生,/tiaoji/schooldetail/id/21717.shtml,2020-01-19
涉外办学,人工智能、数量经济、数量..,2020年叶史瓦大学免托福接受考研调剂生（含奖学金）,/tiaoji/schooldetail/id/21715.shtml,2020-01-17
涉外办学,01经济学02金融学03会计学,石溪大学（SBU）免托福接受2020优秀考研学生调剂,/tiaoji/schooldetail/id/21713.shtml,2020-01-17
江苏自动化研究所,控制理论与控制工程、检测..,江苏自动化研究所2020年硕士研究生招生拟调剂信息,/tiaoji/schooldetail/id/21711.shtml,2020-01-14
中北大学,材料学,中北大学材料学2020年考研调剂信息：碳质功能材料研究..,/tiaoji/schooldetail/id/21709.shtml,2020-01-13
哈尔滨工程大学,机械工程、动力工程及工程..,哈尔滨工程大学机械工程、动力工程及工程热物理、轮机..,/tiaoji/schooldetail/id/21707.shtml,2020-01-13
山东大学,植物学、细胞生物学、生物..,2020年山东大学生命科学学院杨中宝课题组考研调剂信息..,/tiaoji/schooldetail/id/21705.shtml,2020-01-13
辽宁石油化工大学,结构工程,辽宁石油化工大学结构工程2020年考研调剂信息,/tiaoji/schooldetail/id/21703.shtml,2020-01-13
辽宁工程技术大学,工程力学、岩土工程、采矿..,2020年辽宁工程技术大学考研调剂信息：工程力学、岩土..,/tiaoji/schooldetail/id/21701.shtml,2020-01-13
西华大学,应用经济学,2020年西华大学经济学院硕士研究生招生调剂方案,/tiaoji/schooldetail/id/21699.shtml,2020-01-09
东华大学,MBA,2020年东华大学MBA调剂意向登记公告,/tiaoji/schooldetail/id/21697.shtml,2020-01-09
武汉邮电科学研究院,通信与信息系统、信号与信..,2020年武汉邮电科学研究院自费硕士调剂信息,/tiaoji/schooldetail/id/21695.shtml,2020-01-08
西华大学,金融学、区域经济学、产业..,西华大学经济学院2020年硕士研究生招生调剂方案,/tiaoji/schooldetail/id/21693.shtml,2019-12-31
山东大学,神经生物学,2019年山东大学基础医学院调剂信息,/tiaoji/schooldetail/id/21691.shtml,2019-04-25
长春工业大学,详细查看正文,2019年长春工业大学硕士研究生招生调剂公告（第六批）,/tiaoji/schooldetail/id/21689.shtml,2019-04-25
哈尔滨师范大学,历史、物理、化学、生物、..,2019年哈尔滨师范大学部分专业考研调剂信息（4月23日..,/tiaoji/schooldetail/id/21687.shtml,2019-04-24
南京中医药大学,中药学,2019年南京中医药大学关于接收部分专业硕士研究生调剂..,/tiaoji/schooldetail/id/21685.shtml,2019-04-23
东北农业大学,详细查看正文,2019年东北农业大学关于延长部分非全日制专硕调剂系统..,/tiaoji/schooldetail/id/21683.shtml,2019-04-23
赣南医学院,详细查看正文,2019年赣南医学院“退役大学生士兵”专项计划考研调剂..,/tiaoji/schooldetail/id/21681.shtml,2019-04-19
云南警官学院,警务硕士,2019年云南警官学院警务硕士专业学位考研调剂公告,/tiaoji/schooldetail/id/21679.shtml,2019-04-19
南京中医药大学,药物化学,2019年南京中医药大学药物化学专业考研调剂信息,/tiaoji/schooldetail/id/21677.shtml,2019-04-19
上海中医药大学,详细查看正文,2019年上海中医药大学开放考研调剂系统的通知（第二批..,/tiaoji/schooldetail/id/21675.shtml,2019-04-19
哈尔滨师范大学,外国语言学及应用语言学,2019年哈尔滨师范大学外国语言学及应用语言学专业接受..,/tiaoji/schooldetail/id/21673.shtml,2019-04-19
山西医科大学,生物学、基础医学,2019年山西医科大学考研调剂公告(六),/tiaoji/schooldetail/id/21671.shtml,2019-04-19
北京中医药大学,健康管理学,2019年北京中医药大学健康管理学考研调剂通知,/tiaoji/schooldetail/id/21669.shtml,2019-04-19
天津师范大学,环境地理学（非全日制）,2019年天津师范大学考研调剂系统报名开放时间公告（第..,/tiaoji/schooldetail/id/21667.shtml,2019-04-19
天津科技大学,控制工程,2019年天津科技大学电信学院考研调剂信息：控制工程方..,/tiaoji/schooldetail/id/21665.shtml,2019-04-19
中国刑事警察学院,法律硕士（非法学）、警务..,2019年中国刑事警察学院考研调剂信息,/tiaoji/schooldetail/id/21663.shtml,2019-04-19
中国人民解放军国防大学,内科学、外科学,2019年解放军医学院校外考研调剂信息,/tiaoji/schooldetail/id/21661.shtml,2019-04-19
